subreddit,listing,top_time,config_path,start_url,max_items,max_post_count,max_comments
technology,new,,configs\discovery_batch\reddit_r_technology_new.json,https://www.reddit.com/r/technology/new/,100,100,0
technology,hot,,configs\discovery_batch\reddit_r_technology_hot.json,https://www.reddit.com/r/technology/hot/,150,150,0
technology,rising,,configs\discovery_batch\reddit_r_technology_rising.json,https://www.reddit.com/r/technology/rising/,150,150,0
technology,top,day,configs\discovery_batch\reddit_r_technology_top_day.json,https://www.reddit.com/r/technology/top/?t=day,150,150,0
technology,top,week,configs\discovery_batch\reddit_r_technology_top_week.json,https://www.reddit.com/r/technology/top/?t=week,150,150,0
news,new,,configs\discovery_batch\reddit_r_news_new.json,https://www.reddit.com/r/news/new/,100,100,0
news,hot,,configs\discovery_batch\reddit_r_news_hot.json,https://www.reddit.com/r/news/hot/,150,150,0
news,rising,,configs\discovery_batch\reddit_r_news_rising.json,https://www.reddit.com/r/news/rising/,150,150,0
news,top,day,configs\discovery_batch\reddit_r_news_top_day.json,https://www.reddit.com/r/news/top/?t=day,150,150,0
news,top,week,configs\discovery_batch\reddit_r_news_top_week.json,https://www.reddit.com/r/news/top/?t=week,150,150,0
worldnews,new,,configs\discovery_batch\reddit_r_worldnews_new.json,https://www.reddit.com/r/worldnews/new/,100,100,0
worldnews,hot,,configs\discovery_batch\reddit_r_worldnews_hot.json,https://www.reddit.com/r/worldnews/hot/,150,150,0
worldnews,rising,,configs\discovery_batch\reddit_r_worldnews_rising.json,https://www.reddit.com/r/worldnews/rising/,150,150,0
worldnews,top,day,configs\discovery_batch\reddit_r_worldnews_top_day.json,https://www.reddit.com/r/worldnews/top/?t=day,150,150,0
worldnews,top,week,configs\discovery_batch\reddit_r_worldnews_top_week.json,https://www.reddit.com/r/worldnews/top/?t=week,150,150,0
politics,new,,configs\discovery_batch\reddit_r_politics_new.json,https://www.reddit.com/r/politics/new/,100,100,0
politics,hot,,configs\discovery_batch\reddit_r_politics_hot.json,https://www.reddit.com/r/politics/hot/,150,150,0
politics,rising,,configs\discovery_batch\reddit_r_politics_rising.json,https://www.reddit.com/r/politics/rising/,150,150,0
politics,top,day,configs\discovery_batch\reddit_r_politics_top_day.json,https://www.reddit.com/r/politics/top/?t=day,150,150,0
politics,top,week,configs\discovery_batch\reddit_r_politics_top_week.json,https://www.reddit.com/r/politics/top/?t=week,150,150,0
games,new,,configs\discovery_batch\reddit_r_games_new.json,https://www.reddit.com/r/games/new/,100,100,0
games,hot,,configs\discovery_batch\reddit_r_games_hot.json,https://www.reddit.com/r/games/hot/,150,150,0
games,rising,,configs\discovery_batch\reddit_r_games_rising.json,https://www.reddit.com/r/games/rising/,150,150,0
games,top,day,configs\discovery_batch\reddit_r_games_top_day.json,https://www.reddit.com/r/games/top/?t=day,150,150,0
games,top,week,configs\discovery_batch\reddit_r_games_top_week.json,https://www.reddit.com/r/games/top/?t=week,150,150,0

