subreddit,watchlist_rank_in_subreddit,forecast_rank_overall,post_id,title,url,latest_activity_state,predicted_flow_state_next_hour,forecast_recommendation,die_soon_label,die_soon_score,naive_predicted_upvote_delta_next_hour,naive_predicted_comment_delta_next_hour,naive_predicted_upvote_delta_next_3h,naive_predicted_comment_delta_next_3h,naive_predicted_upvote_delta_next_6h,naive_predicted_comment_delta_next_6h,forecast_priority_score,current_attention_score,general_popularity_score
worldnews,1,1,t3_1sbdrpv,US F-15E pilot likely captured by Iranian forces,https://www.reddit.com/r/worldnews/comments/1sbdrpv/us_f15e_pilot_likely_captured_by_iranian_forces/,surging,surging,surge_watch,likely_to_continue,0.0,7367.891016811839,1078.902689570695,19966.984655560085,2923.826288736583,34522.91646946339,5055.295653225553,26.3714390374251,48.514916637561974,60.63177379733816
news,1,2,t3_1sbn1gl,"Second US warplane crashes near Hormuz, pilot rescued - NYT",https://www.reddit.com/r/news/comments/1sbn1gl/second_us_warplane_crashes_near_hormuz_pilot/,surging,surging,surge_watch,likely_to_continue,0.0,7592.249182730803,1150.340785262243,20574.995285200475,3117.423528060678,35574.16684811163,5390.025280016913,26.291069319607306,49.134533723132016,51.718307271825275
news,2,3,t3_1sdbkrv,Iran Is Piercing Israel's Ballistic Missile Defenses With High Altitude Cluster Warhead Releases,https://www.reddit.com/r/news/comments/1sdbkrv/iran_is_piercing_israels_ballistic_missile/,surging,surging,surge_watch,likely_to_continue,0.0,2889.5267605564536,321.05852895071706,7830.617521107989,870.0686134564432,13539.137693995715,1504.3486326661905,24.840115985180827,49.604908640301424,75.71631608429296
worldnews,2,4,t3_1sc8c4q,"Misogyny among male pupils a 'ticking time bomb' in UK schools, warns union",https://www.reddit.com/r/worldnews/comments/1sc8c4q/misogyny_among_male_pupils_a_ticking_time_bomb_in/,surging,surging,surge_watch,likely_to_continue,0.0,1762.1719923106255,595.1505637441975,4775.486099161795,1612.8580277467752,8256.815465450743,2788.6315299741746,24.83576141131017,49.060047768878384,74.21185850636556
news,3,5,t3_1sev9p9,UK government bans Kanye West from entering country,https://www.reddit.com/r/news/comments/1sev9p9/uk_government_bans_kanye_west_from_entering/,surging,surging,surge_watch,likely_to_continue,0.0,4062.4667774438803,184.3703469312988,11009.284966872916,499.64364018381974,19035.053707723273,863.8838538778244,24.401347708682298,48.37187963194876,74.37260302444145
worldnews,3,6,t3_1sat7ml,SecDef Hegseth has asked Army Chief of Staff Randy George to step down.,https://www.reddit.com/r/worldnews/comments/1sat7ml/secdef_hegseth_has_asked_army_chief_of_staff/,surging,surging,surge_watch,likely_to_continue,0.0,4612.574633937135,406.2889573934264,12500.077257969637,1101.0430745361855,21612.633579029505,1903.703475873065,24.360060828335282,44.39633107230138,62.329293388275005
worldnews,4,7,t3_1sd2hak,"""Open The F*cking Strait, You Crazy Bast*rds"": Trump's Expletive-Laden Warning To Iran",https://www.reddit.com/r/worldnews/comments/1sd2hak/open_the_fcking_strait_you_crazy_bastrds_trumps/,surging,surging,surge_watch,likely_to_continue,0.0,2894.2826001663666,632.6572981430784,7843.505846450853,1714.5012779677425,13561.421608513527,2964.3727096062266,24.248432092631834,45.14406501684942,55.64553380384831
worldnews,5,8,t3_1set0va,"Reports in Iran: Explosions on Kharg 'Oil Island,' bridge attacked near Qom",https://www.reddit.com/r/worldnews/comments/1set0va/reports_in_iran_explosions_on_kharg_oil_island/,surging,surging,surge_watch,likely_to_continue,0.0,1798.059378532627,247.06159399684952,4872.7409158234195,669.5369197314621,8424.969043458692,1157.6293342156982,23.58570354398867,47.23030937301939,70.30648271182064
worldnews,6,9,t3_1scri1r,U.S. Pilot Missing In Iran For Hours Reportedly Recovered In Daring Operation,https://www.reddit.com/r/worldnews/comments/1scri1r/us_pilot_missing_in_iran_for_hours_reportedly/,surging,surging,surge_watch,likely_to_continue,0.0,1968.7419667036463,202.6201409664275,5335.290729766882,549.1005820190185,9224.717671766939,949.3949063108831,23.54895100709816,47.26188831701923,72.50498306556628
news,4,10,t3_1see5e7,Anti-LGBTQ+ Christian author indicted on child sex abuse charges in Ohio,https://www.reddit.com/r/news/comments/1see5e7/antilgbtq_christian_author_indicted_on_child_sex/,surging,surging,surge_watch,likely_to_continue,0.0,4202.9227361015755,253.18811663262505,11389.92061483527,686.1397960744139,19693.17274305018,1186.3357074126618,23.326919721428908,44.32114837064869,47.118669138802666
worldnews,7,11,t3_1sbxh9m,World loses patience with Trump as war is no longer just about Iran,https://www.reddit.com/r/worldnews/comments/1sbxh9m/world_loses_patience_with_trump_as_war_is_no/,surging,surging,surge_watch,likely_to_continue,0.0,3896.7248206213,238.87968249019463,10560.124263883723,647.3639395484274,18258.45485225496,1119.292251479231,23.31713047346074,42.7331547714573,59.19028682426494
worldnews,8,12,t3_1seobcn,PAKISTAN Pakistan’s Constitutional Court upholds marriage between Muslim man and 13-year-old Christian girl,https://www.reddit.com/r/worldnews/comments/1seobcn/pakistan_pakistans_constitutional_court_upholds/,surging,surging,surge_watch,likely_to_continue,0.0,1646.3910111067833,150.98208522029694,4461.719640099383,409.1614509470047,7714.313257731833,707.4401486873712,23.083007251381495,46.23849238841904,77.8391758949072
worldnews,9,13,t3_1sbv5oh,Macron urges world to unite against US dominance,https://www.reddit.com/r/worldnews/comments/1sbv5oh/macron_urges_world_to_unite_against_us_dominance/,surging,surging,surge_watch,likely_to_continue,0.0,2638.4003875110006,306.9058612114109,7150.065050154812,831.7148838829236,12362.46247171767,1438.035034233575,23.027467285262418,43.502411638914104,50.338294130229166
worldnews,10,14,t3_1scfdjy,US military jets hit in Iran war are the first shot down by enemy fire in more than 20 years,https://www.reddit.com/r/worldnews/comments/1scfdjy/us_military_jets_hit_in_iran_war_are_the_first/,surging,surging,surge_watch,likely_to_continue,0.0,2141.2552830604227,105.11979169980204,5802.801817093746,284.8746355064635,10033.044341755087,492.5482447906755,22.846662653668986,46.6113544629917,71.38582368877066
news,5,15,t3_1schib3,Polymarket apologizes for allowing wagers on fate of U.S. pilots downed in Iran,https://www.reddit.com/r/news/comments/1schib3/polymarket_apologizes_for_allowing_wagers_on_fate/,surging,surging,surge_watch,likely_to_continue,0.0,2495.1033762913853,78.00323180389903,6761.730149749654,211.38875818856636,11691.031428917153,365.49116290803124,22.808008559644936,46.54066369100314,75.27261232946032
worldnews,11,16,t3_1sbrf8g,Macron Criticizes Trump and Calls on Allies to Unite Against US,https://www.reddit.com/r/worldnews/comments/1sbrf8g/macron_criticizes_trump_and_calls_on_allies_to/,surging,surging,surge_watch,likely_to_continue,0.0,1845.3244193556034,327.0446070823572,5000.829176453685,886.2908851931879,8646.433646088422,1532.396940499022,22.710252733847025,41.98592514894098,57.141891819428764
news,6,17,t3_1setyem,DeSantis signs Florida law to label groups as terrorists and expel student supporters,https://www.reddit.com/r/news/comments/1setyem/desantis_signs_florida_law_to_label_groups_as/,surging,surging,surge_watch,likely_to_continue,0.0,1736.6497194819112,111.51432274070493,4706.3207397959795,302.20381462731035,8137.228559107249,522.5103954906197,22.668063651462678,46.155527900898164,72.72529896708488
worldnews,12,18,t3_1say1sf,"Hegseth forces out Army’s top general, two other senior officers",https://www.reddit.com/r/worldnews/comments/1say1sf/hegseth_forces_out_armys_top_general_two_other/,surging,surging,surge_watch,likely_to_continue,0.0,2235.382960935957,239.8479571819696,6057.887824136443,649.9879639631376,10474.088047931911,1123.8291896922651,22.584277308591634,42.015534143110706,56.73302469523872
worldnews,13,19,t3_1scgkb1,German men 18-45 need military permit to leave country for longer than 3 months,https://www.reddit.com/r/worldnews/comments/1scgkb1/german_men_1845_need_military_permit_to_leave/,surging,surging,surge_watch,likely_to_continue,0.0,1199.8135563853134,430.82108395302765,3251.4947378041993,1167.525137512705,5621.834401663461,2018.650962759467,22.53209126314217,42.82782322476852,52.15319480400452
news,7,20,t3_1set6vm,American woman missing after husband reports she fell overboard during Bahamas trip,https://www.reddit.com/r/news/comments/1set6vm/american_woman_missing_after_husband_reports_she/,surging,surging,surge_watch,likely_to_continue,0.0,1369.3958832558565,113.74460919551902,3711.062843623371,308.24789091985656,6416.427656624809,532.960603400432,22.36640304414942,45.58064095467227,72.80021457837131
worldnews,14,21,t3_1scbkvp,US agents arrest niece of Iran's Qassem Soleimani after Rubio revoked green card,https://www.reddit.com/r/worldnews/comments/1scbkvp/us_agents_arrest_niece_of_irans_qassem_soleimani/,surging,surging,surge_watch,likely_to_continue,0.0,2697.488101733724,419.82372960793197,7310.192755698392,1137.7223072374957,12639.32327460252,1967.1218692136301,22.32891449018257,37.217163399177615,47.305614793182045
worldnews,15,22,t3_1sb5fn3,The first French ship has crossed the Strait of Hormuz via the maritime corridor established by Iran,https://www.reddit.com/r/worldnews/comments/1sb5fn3/the_first_french_ship_has_crossed_the_strait_of/,surging,surging,surge_watch,likely_to_continue,0.0,1310.4847010191193,129.202717001885,3551.4135397618134,350.13936307510835,6140.394010248176,605.3909587568623,22.309083517560875,45.099493625131664,70.52114279653104
worldnews,16,23,t3_1se6h4r,NASA’s Artemis II astronauts are officially farther from Earth than any human has gone before,https://www.reddit.com/r/worldnews/comments/1se6h4r/nasas_artemis_ii_astronauts_are_officially/,surging,surging,surge_watch,likely_to_continue,0.0,2170.5896091138084,79.69767463268842,5882.29784069842,215.9806982545856,10170.49296656757,373.43062728217853,22.28902474772184,44.46850558131284,72.26224928988884
worldnews,17,24,t3_1sdtjnm,"Iran’s top university bombed as US, Israel intensify attacks; 34 killed | US-Israel war on Iran News",https://www.reddit.com/r/worldnews/comments/1sdtjnm/irans_top_university_bombed_as_us_israel/,surging,surging,surge_watch,likely_to_continue,0.0,1182.6889374856194,143.50618906729272,3205.0870205860283,388.90177237236327,5541.595458593244,672.4111644318161,22.27264826433388,45.023526401570095,69.61050502127779
news,8,25,t3_1sesfbc,US soldier trying to halt wife's deportation after she was detained on Louisiana military base,https://www.reddit.com/r/news/comments/1sesfbc/us_soldier_trying_to_halt_wifes_deportation_after/,surging,surging,surge_watch,likely_to_continue,0.0,1693.1591336130364,83.264027646393,4588.461252091329,225.64551492172504,7933.449504865907,390.14109529966265,22.21528285829009,45.00323381441916,73.95156670453432
worldnews,18,26,t3_1sbdcvo,Iran offers bounty to capture shot down F-15 Pilot,https://www.reddit.com/r/worldnews/comments/1sbdcvo/iran_offers_bounty_to_capture_shot_down_f15_pilot/,surging,surging,surge_watch,likely_to_continue,0.0,1604.5219485923155,272.03102001996155,4348.254480685175,737.2040642540958,7518.131997104669,1274.6258270953317,22.198103324674957,41.59793455377905,52.80266337952676
politics,1,27,t3_1sb8ttw,Amy Coney Barrett Unraveled the Case Against Birthright Citizenship With One Question,https://www.reddit.com/r/politics/comments/1sb8ttw/amy_coney_barrett_unraveled_the_case_against/,surging,surging,surge_watch,likely_to_continue,0.0,954.9424246263831,106.17419048032991,2587.893970737498,287.73205620169404,4474.4686754051345,497.48872517272906,22.120656252055106,45.64879439081219,78.56373803856214
worldnews,19,28,t3_1sbgx1z,U.S. rescue helicopter reportedly hit by projectile,https://www.reddit.com/r/worldnews/comments/1sbgx1z/us_rescue_helicopter_reportedly_hit_by_projectile/,surging,surging,surge_watch,likely_to_continue,0.0,2380.02159388784,216.3655994443491,6449.858519436047,586.3507744941861,11151.805380104925,1013.8004891004477,22.02023069842365,40.9346466702104,44.67766898353398
news,9,29,t3_1scs3mf,Death of near-blind refugee — left at closed Tim Hortons by U.S. Border Patrol — ruled a homicide,https://www.reddit.com/r/news/comments/1scs3mf/death_of_nearblind_refugee_left_at_closed_tim/,surging,surging,surge_watch,likely_to_continue,0.0,3418.5470754393828,135.65662997775328,9264.262574440727,367.6294672397114,16017.909991208018,635.631348857461,22.004231568758502,41.756767408160634,43.50635345115688
news,10,30,t3_1sbb753,President of largest Mosque in Wisconsin detained by ICE,https://www.reddit.com/r/news/comments/1sbb753/president_of_largest_mosque_in_wisconsin_detained/,surging,surging,surge_watch,likely_to_continue,0.0,869.4581358411112,169.65036796899733,2356.2315481294113,459.75249719598276,4073.9243467157526,794.9120676518543,21.5519363662176,42.861937274129836,61.07065178457097
news,11,31,t3_1seujax,"US strikes military targets on Iran's Kharg Island, US official says",https://www.reddit.com/r/news/comments/1seujax/us_strikes_military_targets_on_irans_kharg_island/,surging,surging,surge_watch,likely_to_continue,0.0,734.8793868612454,137.53433138020273,1991.523138393975,372.71803804034937,3443.343506283183,644.4294877717641,21.549403541786948,43.88951308186011,68.43087810115959
worldnews,20,32,t3_1sensp2,JD Vance due in Hungary to back Orban's re-election bid,https://www.reddit.com/r/worldnews/comments/1sensp2/jd_vance_due_in_hungary_to_back_orbans_reelection/,surging,surging,surge_watch,likely_to_continue,0.0,1075.4042160918423,69.31450276022723,2914.3454256088926,187.84230248021578,5038.903240877776,324.77934098829314,21.39751200478641,43.62458148896952,74.79648884022993
news,12,34,t3_1sce25t,A US senator calls for a declaration of war; Iran claims to have hit two US aircraft: What you need to know this Saturday morning,https://www.reddit.com/r/news/comments/1sce25t/a_us_senator_calls_for_a_declaration_of_war_iran/,surging,surging,surge_watch,likely_to_continue,0.0,1933.243717481161,148.71105519085853,5239.090474373947,403.0069595672266,9058.387430192553,696.7990330917348,21.282595789782125,40.74987490109563,40.42212036297045
politics,2,35,t3_1sej29o,"Pentagon cancels Tuesday press briefing with Caine, Hegseth",https://www.reddit.com/r/politics/comments/1sej29o/pentagon_cancels_tuesday_press_briefing_with/,surging,surging,surge_watch,likely_to_continue,0.0,863.8306719203937,64.84169779150562,2340.981120904267,175.72100101498023,4047.5563580434778,303.82161075490086,21.01460213704839,42.59469188825161,76.69244163097476
politics,3,36,t3_1sb0k3c,Hegseth lifts ban on service members carrying personal firearms on base,https://www.reddit.com/r/politics/comments/1sb0k3c/hegseth_lifts_ban_on_service_members_carrying/,surging,surging,surge_watch,likely_to_continue,0.0,577.0953449677231,84.01388037658361,1563.9283848625296,227.6776158205416,2704.032177427314,393.6545977537165,20.943848269556362,42.92325709963978,77.51244079412663
news,13,39,t3_1scq90f,Iranian missile blitz takes down AWS data centers in Bahrain and Dubai — Amazon reportedly declares “hard down” status for multiple zones,https://www.reddit.com/r/news/comments/1scq90f/iranian_missile_blitz_takes_down_aws_data_centers/,surging,surging,surge_watch,likely_to_continue,0.0,738.9835474997833,56.8448882692141,2002.6454137244127,154.04964720957022,3462.5739203295097,266.3518400253469,20.757032352897383,42.71388982388583,77.07706583759821
technology,1,40,t3_1seun32,NIH Scientists Discover Powerful New Opioid That Relieves Pain Without Dangerous Side Effects,https://www.reddit.com/r/technology/comments/1seun32/nih_scientists_discover_powerful_new_opioid_that/,surging,surging,surge_watch,likely_to_continue,0.0,599.1844845962072,92.77933722001728,1623.7899532557215,251.43200386624684,2807.5328291791425,434.7259346847408,20.55445248860016,41.85792715701954,65.31056914193091
politics,4,45,t3_1sawusq,Trump signs 100% tariff on brand-name pharmaceuticals,https://www.reddit.com/r/politics/comments/1sawusq/trump_signs_100_tariff_on_brandname/,surging,surging,surge_watch,likely_to_continue,0.0,479.07915119504224,50.008262128918815,1298.3044997385646,135.52239036937,2244.7684800479783,234.31821294864073,20.1021472758531,41.797639133726136,78.50270340479881
technology,2,46,t3_1se8qtu,It’s Not Just You: Six of 10 Drivers Say Headlight Glare Is a Problem,https://www.reddit.com/r/technology/comments/1se8qtu/its_not_just_you_six_of_10_drivers_say_headlight/,surging,surging,surge_watch,likely_to_continue,0.0,542.260110365599,50.64051473761899,1469.5248990907733,137.23579493894746,2540.808550527947,237.2806894494402,20.094097736965217,40.76272637686628,78.87098780675434
technology,3,48,t3_1scyuod,Anthropic Leaked 512K Lines of Claude Code—But Everyone's Missing the Actual Story,https://www.reddit.com/r/technology/comments/1scyuod/anthropic_leaked_512k_lines_of_claude_codebut/,surging,surging,surge_watch,likely_to_continue,0.0,436469.4471387003,0.0,1182832.2017458777,0.0,2045116.876818623,0.0,20.051347414274463,39.44378881952555,38.27677145084877
news,14,50,t3_1sesary,Exclusive: ICE arrested more than 800 people after tips from US airport security agency,https://www.reddit.com/r/news/comments/1sesary/exclusive_ice_arrested_more_than_800_people_after/,surging,surging,surge_watch,likely_to_continue,0.0,936.3485966127856,31.967439185668745,2537.504696820649,86.6317601931623,4387.345620802903,149.78631337397763,19.760312138711512,40.56504698301246,65.78991955743024
politics,5,51,t3_1segb0a,House Democrat moves to impeach Hegseth over Iran war,https://www.reddit.com/r/politics/comments/1segb0a/house_democrat_moves_to_impeach_hegseth_over_iran/,surging,surging,surge_watch,likely_to_continue,0.0,1087.0775911622889,23.93485488948194,2945.980272049803,64.86345675049606,5093.599890374109,112.14891672160769,19.712950340257272,39.71141315397279,73.06832198421188
politics,6,54,t3_1sband8,Pam Bondi Odds of Being Removed Surged on Prediction Markets Before Firing,https://www.reddit.com/r/politics/comments/1sband8/pam_bondi_odds_of_being_removed_surged_on/,surging,surging,surge_watch,likely_to_continue,0.0,692.0706361815616,33.64058567633539,1875.5114240520318,91.1659871828689,3242.7592521859633,157.62599183918036,19.58833844397993,40.22685385746815,70.12489383255883
news,15,55,t3_1sepw8m,Sam Altman's sister amends lawsuit accusing OpenAI CEO of sexual abuse,https://www.reddit.com/r/news/comments/1sepw8m/sam_altmans_sister_amends_lawsuit_accusing_openai/,surging,surging,surge_watch,likely_to_continue,0.0,541.2161797015546,43.490585868874916,1466.6958469912129,117.85948770465102,2535.917119447807,203.77905424134164,19.401763618682153,39.63900408228561,66.52258194181738
news,16,56,t3_1sbvn5i,President’s Budget Proposal Slashes National Park Service Funding Amid Ongoing Attacks on National Parks · National Parks Conservation Association,https://www.reddit.com/r/news/comments/1sbvn5i/presidents_budget_proposal_slashes_national_park/,surging,surging,surge_watch,likely_to_continue,0.0,965.0350475165931,29.970032531571213,2615.244978769967,81.21878816055799,4521.758568293274,140.42728472960476,19.32783902281198,39.40594305576731,58.29826851213632
politics,7,59,t3_1sdolrf,60% of people helped by Los Angeles homeless project did not return to the streets: report,https://www.reddit.com/r/politics/comments/1sdolrf/60_of_people_helped_by_los_angeles_homeless/,surging,surging,surge_watch,likely_to_continue,0.0,698.6978304486627,32.938612006865526,1893.4711205158758,89.26363853860558,3273.8115673719494,154.33683103324904,19.186059373878095,38.25852207707261,66.93771082997213
politics,8,60,t3_1seccjb,Trump Drops Vile Slur About Oval Office Predecessor,https://www.reddit.com/r/politics/comments/1seccjb/trump_drops_vile_slur_about_oval_office/,surging,surging,surge_watch,likely_to_continue,0.0,369.46712365763943,30.027363406804618,1001.2559051122029,81.37415483244051,1731.1714599389989,140.69591370528966,19.05076400603825,39.80516496133362,78.95099479866181
news,17,61,t3_1sat8cb,"Brent oil spot price for actual cargo soars to $141, highest level since 2008 financial crisis",https://www.reddit.com/r/news/comments/1sat8cb/brent_oil_spot_price_for_actual_cargo_soars_to/,surging,surging,surge_watch,likely_to_continue,0.0,862.1824353634663,80.82960331532497,2336.5143998349936,219.04822498453066,4039.8333973147046,378.7343809982536,19.03068583664139,36.205900712964436,35.24829580196992
news,18,62,t3_1sbcoqv,"The US economy added a higher-than-expected 178,000 jobs in March",https://www.reddit.com/r/news/comments/1sbcoqv/the_us_economy_added_a_higherthanexpected_178000/,surging,surging,surge_watch,likely_to_continue,0.0,212.06295996124666,254.475551953496,574.6906214949785,689.6287457939742,993.6400845648178,1192.3681014777815,19.02879675824365,37.62386094169734,36.571628281534
politics,9,63,t3_1say3pg,Lawmakers vow to force Pam Bondi to testify despite ouster,https://www.reddit.com/r/politics/comments/1say3pg/lawmakers_vow_to_force_pam_bondi_to_testify/,surging,surging,surge_watch,likely_to_continue,0.0,796.1315330923875,18.002974366410772,2157.51645468037,48.78806053297319,3730.3459501423604,84.35455666151066,18.85602771713553,38.3972838562433,70.82643438092674
news,19,64,t3_1sc27ga,France left to fund Rafale F5 alone after UAE withdrawal,https://www.reddit.com/r/news/comments/1sc27ga/france_left_to_fund_rafale_f5_alone_after_uae/,surging,surging,surge_watch,likely_to_continue,0.0,355.8069766918501,66.96367257964594,964.2369068349137,181.4715526908405,1667.165611917566,313.7643146024633,18.830702392492462,37.3778490981898,58.42196749268369
news,20,67,t3_1senubm,IDF Spokesman Warns Iranians: 'Avoid Using and Traveling by Train',https://www.reddit.com/r/news/comments/1senubm/idf_spokesman_warns_iranians_avoid_using_and/,surging,surging,surge_watch,likely_to_continue,0.0,468.59470202577194,30.099513706764913,1269.8916424898418,81.56968214533292,2195.642649864937,141.03398042928063,18.685902039917863,38.92221275358322,63.220842822055246
politics,10,68,t3_1seh6fb,Trump signs absentee/mail-in voting executive order,https://www.reddit.com/r/politics/comments/1seh6fb/trump_signs_absenteemailin_voting_executive_order/,surging,surging,surge_watch,likely_to_continue,0.0,422.5589835943085,28.28664668756957,1145.134845540576,76.65681252331353,1979.938147939656,132.5396288528091,18.68137696503855,38.583760632788454,70.2545539382883
technology,4,69,t3_1segtis,"PRESS RELEASE Kincaid Calls on Congress to Act as Oracle Files 3,000+ H-1B Petitions While Cutting American Jobs",https://www.reddit.com/r/technology/comments/1segtis/press_release_kincaid_calls_on_congress_to_act_as/,surging,surging,surge_watch,likely_to_continue,0.0,596.7059583871076,39.98029871940419,1617.0731472290615,108.34660952958535,2795.9194715590475,187.33128787665308,18.614610523930384,37.18956103701954,52.07208904646963
politics,11,71,t3_1sdi9j8,Trump’s chances of being removed by 25th Amendment climb,https://www.reddit.com/r/politics/comments/1sdi9j8/trumps_chances_of_being_removed_by_25th_amendment/,surging,surging,surge_watch,likely_to_continue,0.0,314.12144607419305,20.94142973827954,851.2691188610631,56.751274590737545,1471.8443065107783,98.12295376738523,18.52696526423344,39.429803738779434,80.65484641218207
politics,12,74,t3_1sb4kaq,"Exit of Trump officials including FBI director Patel under discussion, Atlantic reports",https://www.reddit.com/r/politics/comments/1sb4kaq/exit_of_trump_officials_including_fbi_director/,surging,surging,surge_watch,likely_to_continue,0.0,540.0892309923232,42.00694018829181,1463.641815989196,113.8388079102708,2530.63669984532,196.82729887685824,18.14535448963009,33.763964721451266,55.237087092753306
politics,13,75,t3_1saxzaa,Alexandria Ocasio-Cortez says she will now oppose all U.S. military aid to Israel,https://www.reddit.com/r/politics/comments/1saxzaa/alexandria_ocasiocortez_says_she_will_now_oppose/,surging,surging,surge_watch,likely_to_continue,0.0,428.07072382354505,22.00363533672428,1160.071661561807,59.6298517625228,2005.7639028403646,103.10001369740192,18.11832665822828,36.70935583723833,68.71672591993854
technology,5,76,t3_1sec3xx,“The problem is Sam Altman”: OpenAI Insiders don’t trust CEO,https://www.reddit.com/r/technology/comments/1sec3xx/the_problem_is_sam_altman_openai_insiders_dont/,surging,surging,surge_watch,likely_to_continue,0.0,483.1179033727593,14.785551748209926,1309.2495181401778,40.0688452376489,2263.6924168643677,69.27903341589496,18.045973872568148,37.30425578894574,72.376505023088
politics,14,77,t3_1saun8v,Is Pete Hegseth the Dumbest Man in the Trump Administration?,https://www.reddit.com/r/politics/comments/1saun8v/is_pete_hegseth_the_dumbest_man_in_the_trump/,surging,surging,surge_watch,likely_to_continue,0.0,313.9969863183559,19.530913024586727,850.9318329227444,52.92877429663003,1471.2611391234252,91.51385075887333,17.999644962404183,37.750141005302886,73.78496316149803
politics,15,78,t3_1sb4vip,‘F--- him to his face’: Congresswoman unleashes on Trump over historic first,https://www.reddit.com/r/politics/comments/1sb4vip/f_him_to_his_face_congresswoman_unleashes_on/,surging,surging,surge_watch,likely_to_continue,0.0,728.120296597058,28.004626792194536,1973.206003778027,75.8925386068472,3411.6731805322092,131.21819925123881,17.98093155637197,33.35711186285545,55.26581523613196
politics,16,82,t3_1scp6zd,White House Forced to Address Claims of Trump Health Crisis,https://www.reddit.com/r/politics/comments/1scp6zd/white_house_forced_to_address_claims_of_trump/,surging,surging,surge_watch,likely_to_continue,0.0,205.2635624339099,13.517356550525774,556.2642541958958,36.632036251924845,961.780895504704,63.336790679578066,17.45862625273498,37.86615758655738,81.3651050217004
politics,17,85,t3_1sbo43a,Pentagon Good Friday Service Excluding Catholics Sparks Religious Bias Concerns Amid Broader Criticism Over Leadership Purge,https://www.reddit.com/r/politics/comments/1sbo43a/pentagon_good_friday_service_excluding_catholics/,surging,surging,surge_watch,likely_to_continue,0.0,226.47497407137038,15.567015956125237,613.7471797334138,42.186613241099394,1061.1688737590725,72.94065429386086,17.345799778263576,36.879757884576044,74.64717288074266
politics,18,91,t3_1sdzomk,"Top Doctor Sounds Alarm on Trump, 79, Over ‘Dementia Signs’",https://www.reddit.com/r/politics/comments/1sdzomk/top_doctor_sounds_alarm_on_trump_79_over_dementia/,surging,surging,surge_watch,likely_to_continue,0.0,397.8871650273112,26.42608990782894,1078.2742172240132,71.61470365021643,1864.3361215803193,123.8218226112242,17.25889075672939,33.186178526438404,54.07411263457289
politics,19,93,t3_1sdj19d,White House Melts Down for Second Day Over Trump Health Claims,https://www.reddit.com/r/politics/comments/1sdj19d/white_house_melts_down_for_second_day_over_trump/,surging,surging,surge_watch,likely_to_continue,0.0,188.97147311447486,15.456769568730135,512.1126921402268,41.88784553125866,885.4428447104523,72.42408492354623,17.223563700034575,37.010979982232286,76.15522066837038
technology,6,95,t3_1sbunln,AI local news network shuts down after plagiarism found,https://www.reddit.com/r/technology/comments/1sbunln/ai_local_news_network_shuts_down_after_plagiarism/,surging,surging,surge_watch,likely_to_continue,0.0,51801.244381003904,0.0,140381.3722725206,0.0,242719.3926591881,0.0,17.080420313501623,33.976802902594535,37.62370409949601
politics,20,100,t3_1segirh,Trump Says He’s ‘Not At All’ Concerned About Committing War Crimes,https://www.reddit.com/r/politics/comments/1segirh/trump_says_hes_not_at_all_concerned_about/,surging,surging,surge_watch,likely_to_continue,0.0,226.29317350055655,20.888600630820605,613.2545001865083,56.608107709523836,1060.3170308224728,97.87541822976672,16.961312571819498,34.81404821331561,62.51898327875664
technology,7,102,t3_1sagi97,"AI server farms heat up the neighborhood for miles around, paper finds",https://www.reddit.com/r/technology/comments/1sagi97/ai_server_farms_heat_up_the_neighborhood_for/,surging,surging,surge_watch,likely_to_continue,0.0,163.17052012199,41.13542524083781,442.19210953059286,111.47700240267046,764.5501573783952,192.74373715421726,16.935190068831464,34.94726323393347,49.43239355344654
technology,8,118,t3_1scgw7u,Iranian missile blitz takes down AWS data centers in Bahrain and Dubai — Amazon reportedly declares “hard down” status for multiple zones,https://www.reddit.com/r/technology/comments/1scgw7u/iranian_missile_blitz_takes_down_aws_data_centers/,surging,surging,surge_watch,likely_to_continue,0.0,4699.947517252724,0.0,12736.857771754881,0.0,22022.02708736419,0.0,16.20542216972228,35.91457558907653,78.7572154855203
technology,9,122,t3_1scbh0f,Maine Is About to Become the First State to Ban New Data Centers,https://www.reddit.com/r/technology/comments/1scbh0f/maine_is_about_to_become_the_first_state_to_ban/,surging,surging,surge_watch,likely_to_continue,0.0,6892.999584505303,0.0,18680.02887400937,0.0,32297.769923162203,0.0,16.127983910751276,34.31918892898832,71.3899628198417
technology,10,125,t3_1sbbz8b,"TSMC reportedly plans to build 12 fabs, four packaging facilities in Arizona — plan purportedly part of Taiwan's agreed $500 million investment in the US",https://www.reddit.com/r/technology/comments/1sbbz8b/tsmc_reportedly_plans_to_build_12_fabs_four/,surging,surging,surge_watch,likely_to_continue,0.0,13548.40803853393,0.0,36716.18578442695,0.0,63482.2852212742,0.0,16.024970867448776,33.234659527711116,50.85579333772139
technology,11,131,t3_1scilqq,Companies Are Laying Off Workers Because of AI’s Potential—Not Its Performance,https://www.reddit.com/r/technology/comments/1scilqq/companies_are_laying_off_workers_because_of_ais/,surging,surging,surge_watch,likely_to_continue,0.0,172.47571906577613,12.906346324649915,467.40919866825334,34.97619853980127,808.15050449741,60.4738472753164,15.958611413118108,34.36583344086526,56.150004719278655
technology,12,135,t3_1sbrs87,Scientists mapped all the nerves of the clitoris for the first time,https://www.reddit.com/r/technology/comments/1sbrs87/scientists_mapped_all_the_nerves_of_the_clitoris/,surging,surging,surge_watch,likely_to_continue,0.0,9177.641862283748,0.0,24871.40944678896,0.0,43002.66693349811,0.0,15.649400005290886,33.05935095344627,52.19542782964626
technology,13,136,t3_1scbrtb,NASA's 1977 computers aboard Voyager are still working in interstellar space,https://www.reddit.com/r/technology/comments/1scbrtb/nasas_1977_computers_aboard_voyager_are_still/,surging,surging,surge_watch,likely_to_continue,0.0,8271.599501406363,0.0,22416.034648811245,0.0,38757.32390779464,0.0,15.636358110952425,33.10641222130948,54.98974033532015
technology,14,137,t3_1sefy9a,Ex-Microsoft engineer believes Azure problems stem from talent exodus,https://www.reddit.com/r/technology/comments/1sefy9a/exmicrosoft_engineer_believes_azure_problems_stem/,surging,surging,surge_watch,likely_to_continue,0.0,151.55190541915172,10.349886223746948,410.7056636859012,28.048191666354228,710.1100925129232,48.49532339112646,15.626078272633686,33.06081173006023,63.07713276706231
technology,15,142,t3_1sbl3vk,Dodge CEO Asks 'Do You Need a Radio' in 'Back-to-Basics' Quest for Entry-Level Cars,https://www.reddit.com/r/technology/comments/1sbl3vk/dodge_ceo_asks_do_you_need_a_radio_in/,surging,surging,surge_watch,likely_to_continue,0.0,4749.785270124246,0.0,12871.918082036707,0.0,22255.54636384147,0.0,15.548979490826529,34.13606810214192,65.41680240380822
technology,16,145,t3_1sc5ew6,The 5-Minute Rule: Why Your 'Toilet Scroll' Is Increasing Your Haemorrhoid Risk By 46%,https://www.reddit.com/r/technology/comments/1sc5ew6/the_5minute_rule_why_your_toilet_scroll_is/,surging,surging,surge_watch,likely_to_continue,0.0,3563.9224134090596,0.0,9658.229740338551,0.0,16699.07922104536,0.0,15.355494391705731,33.99742648735026,69.23276164704137
technology,17,159,t3_1sbtk4w,NHS staff resist using Palantir software,https://www.reddit.com/r/technology/comments/1sbtk4w/nhs_staff_resist_using_palantir_software/,surging,surging,surge_watch,likely_to_continue,0.0,5441.050001738113,0.0,14745.245504710285,0.0,25494.529477644086,0.0,15.078692093318123,32.15583485846308,55.11352523765627
technology,18,160,t3_1sblp8s,Colorado’s New Speed Camera System Makes Waze Nearly Useless,https://www.reddit.com/r/technology/comments/1sblp8s/colorados_new_speed_camera_system_makes_waze/,surging,surging,surge_watch,likely_to_continue,0.0,3166.5235134161644,0.0,8581.278721357805,0.0,14837.030909227647,0.0,15.05840393059677,33.25261596432043,66.9935400148386
technology,19,165,t3_1seaalq,"Samsung discontinuing its texting app, tells users to switch to Google Messages",https://www.reddit.com/r/technology/comments/1seaalq/samsung_discontinuing_its_texting_app_tells_users/,surging,surging,surge_watch,likely_to_continue,0.0,84.64728375850183,10.719525017452195,229.39413898553994,29.04991279729545,396.6224663059986,50.22729922652383,15.017031657910216,31.941551999242506,66.47153369579982
technology,20,173,t3_1sbj9yn,Claude Code source leak reveals how much info Anthropic can hoover up about you and your system,https://www.reddit.com/r/technology/comments/1sbj9yn/claude_code_source_leak_reveals_how_much_info/,surging,surging,surge_watch,likely_to_continue,0.0,3203.3276642343126,0.0,8681.017970074987,0.0,15009.480070259653,0.0,14.686004232053902,32.06624576902444,60.126993216725026
Games,1,218,t3_1scgdvh,Take-Two lays off AI team,https://www.reddit.com/r/Games/comments/1scgdvh/taketwo_lays_off_ai_team/,surging,surging,surge_watch,likely_to_continue,0.0,175.8522225359441,11.989924263814371,476.55952307240847,32.49269475493695,823.9714153921943,56.179869231285984,13.495870112884447,22.917583273850923,33.06402294318929
Games,2,314,t3_1segywx,“Spending decades working on one thing only to realize you can’t do anything else.” Guilty Gear creator discusses dangers of modern AAA development’s “overspecialization” of staff,https://www.reddit.com/r/Games/comments/1segywx/spending_decades_working_on_one_thing_only_to/,surging,surging,surge_watch,likely_to_continue,0.02940455748119465,77.9468119102984,8.993862912726739,211.23586027690865,24.373368493489462,365.2268024187751,42.14155412524328,11.901916962687508,19.560008175621462,34.92320896623174
Games,3,352,t3_1s9vh0y,Meet the Owlbrick.The first-ever console built specifically for CRPGs. [Owlcat Games],https://www.reddit.com/r/Games/comments/1s9vh0y/meet_the_owlbrickthe_firstever_console_built/,surging,surging,surge_watch,likely_to_continue,0.0,36.87434478050813,12.95585086882718,99.92947435517704,35.11035585452166,172.77806116010112,60.705805272467956,11.358744418823132,19.457376762436756,27.963653338561286
Games,4,391,t3_1s9psq6,Project R.O.A.C.H. | Official Trailer,https://www.reddit.com/r/Games/comments/1s9psq6/project_roach_official_trailer/,surging,surging,surge_watch,likely_to_continue,0.0,42.85396825842837,8.969435216880356,116.13425398034087,24.307169437745763,200.7961251320094,42.02709595786243,10.988193314809571,18.683762159654535,26.571854647596755
Games,5,470,t3_1sefn8s,Nintendo are reportedly deleting Super Mario Maker 2 courses because of hashtags,https://www.reddit.com/r/Games/comments/1sefn8s/nintendo_are_reportedly_deleting_super_mario/,surging,surging,surge_watch,likely_to_continue,0.042064788233719994,24.98295253535205,5.995908608484492,67.70380137080406,16.248912328992972,117.05987257012023,28.094369416828854,9.720966077412907,15.969771925204988,31.132274199176283
Games,6,557,t3_1saprb9,"Mega Crit are working on three new Slay the Spire 2 modes, just don't place any bets on them all making it in",https://www.reddit.com/r/Games/comments/1saprb9/mega_crit_are_working_on_three_new_slay_the_spire/,surging,surging,surge_watch,likely_to_continue,0.0063099635970772505,23.94452559248325,2.4942214158836715,64.8896643556296,6.759340037044749,112.1942296708836,11.686898924050373,8.43459994249556,15.136284583956037,18.811034681894554
Games,7,621,t3_1seg40z,Cyberpunk 2077’s VHS style TapePunk mod updated,https://www.reddit.com/r/Games/comments/1seg40z/cyberpunk_2077s_vhs_style_tapepunk_mod_updated/,surging,surging,surge_watch,likely_to_continue,0.05738545276193257,18.98704392686756,1.9986362028281641,51.454889041811086,5.416304109664325,88.96550315329138,9.364789805609618,7.756233736922168,13.312339150374912,22.74837494734467
Games,8,625,t3_1se661i,Pillars of Eternity - Pillars of Eternity Turn Based Mode is Live - Steam News,https://www.reddit.com/r/Games/comments/1se661i/pillars_of_eternity_pillars_of_eternity_turn/,surging,surging,surge_watch,likely_to_continue,0.046310879135522384,13.990453419797149,1.9986362028281641,37.914128767650276,5.416304109664325,65.55352863926733,9.364789805609618,7.731847299925274,12.459766213168443,35.04907683081877
Games,9,627,t3_1se6q2m,"Star Wars Eclipse Development Is ""Very Slow Going""",https://www.reddit.com/r/Games/comments/1se6q2m/star_wars_eclipse_development_is_very_slow_going/,surging,surging,surge_watch,likely_to_continue,0.049097253182389125,9.99318101414082,2.997954304242246,27.08152054832162,8.124456164496486,46.82394902804809,14.047184708414427,7.709087594107983,12.503605563967666,32.33821262258295
Games,10,691,t3_1sc7q7l,Tamriel Rebuilt – New Player Guide & FAQ (Morrowind),https://www.reddit.com/r/Games/comments/1sc7q7l/tamriel_rebuilt_new_player_guide_faq_morrowind/,surging,surging,surge_watch,likely_to_continue,0.024608120649162186,9.993614532802196,1.9987229065604393,27.082695383893952,5.416539076778791,46.82598031875265,9.36519606375053,6.964632232336971,12.631288081264117,17.50612783703841
Games,11,738,t3_1se4zea,Main Character Of Rockstar’s Cancelled Agent Found By Dataminer,https://www.reddit.com/r/Games/comments/1se4zea/main_character_of_rockstars_cancelled_agent_found/,surging,surging,surge_watch,likely_to_continue,0.05852441156973032,11.991817216968984,0.9993181014140821,32.497824657985944,2.7081520548321625,56.18873883365771,4.682394902804809,6.521277754942519,11.104408416186804,26.648445216957523
Games,12,791,t3_1sd7jn9,More Games Need To Be Honest About Not Being Finished Yet,https://www.reddit.com/r/Games/comments/1sd7jn9/more_games_need_to_be_honest_about_not_being/,alive,alive,active_watch,likely_to_continue,0.11370243960529244,5.396317747636043,1.7987725825453478,13.167015304231946,4.38900510141065,19.908527139998704,6.636175713332902,6.013677119022121,7.647944297506844,37.82108820064794
Games,13,835,t3_1s6l30i,"Indie Sunday Hub - March 29, 2026",https://www.reddit.com/r/Games/comments/1s6l30i/indie_sunday_hub_march_29_2026/,surging,surging,surge_watch,likely_to_continue,0.0759783722763666,45.80762799055258,0.0,124.1386718543975,0.0,214.6357636362533,0.0,5.6703220640056875,11.128779975007735,10.230521047138913
Games,14,903,t3_1sc9x53,"Erica Lindbeck’s Biggest Role In Cyberpunk 2077 Was Supposed To Be Meredith, Because Misty Was Originally A “Vapid” Side Character",https://www.reddit.com/r/Games/comments/1sc9x53/erica_lindbecks_biggest_role_in_cyberpunk_2077/,alive,alive,active_watch,likely_to_continue,0.1219509936448674,5.396317747636043,0.8993862912726739,13.167015304231946,2.194502550705325,19.908527139998704,3.318087856666451,5.110556968308557,6.719220335997111,32.177697701943295
Games,15,913,t3_1semoiv,Namco X Capcom opening and ending theme songs will appear on digital streaming platforms on April 11,https://www.reddit.com/r/Games/comments/1semoiv/namco_x_capcom_opening_and_ending_theme_songs/,alive,alive,active_watch,likely_to_continue,0.09100702428692023,5.396317747636043,0.8993862912726739,13.167015304231946,2.194502550705325,19.908527139998704,3.318087856666451,5.069068083613649,9.343316555202366,15.611322492223621
Games,16,920,t3_1segrmf,"Overwatch | A message from Game Director, Aaron Keller [A look at Anran's updated in-game look]",https://www.reddit.com/r/Games/comments/1segrmf/overwatch_a_message_from_game_director_aaron/,alive,alive,active_watch,likely_to_continue,0.1287074186438789,2.6981588738180213,1.7987725825453478,6.583507652115973,4.38900510141065,9.954263569999352,6.636175713332902,5.033122867762513,7.88258818839842,23.225971597467066
Games,17,965,t3_1sd2vvd,Steam could soon show estimated FPS based on crowd-sourced player data,https://www.reddit.com/r/Games/comments/1sd2vvd/steam_could_soon_show_estimated_fps_based_on/,alive,alive,active_watch,likely_to_continue,0.12232957375294462,3.5975451650906956,0.8993862912726739,8.7780102028213,2.194502550705325,13.272351426665804,3.318087856666451,4.729489750298992,6.168362648243449,33.261649933271826
Games,18,969,t3_1sdsqil,"Yoshihisa Kishimoto, co-creator of Kunio-kun series (River City Ransom) and Double Dragon, passed away",https://www.reddit.com/r/Games/comments/1sdsqil/yoshihisa_kishimoto_cocreator_of_kuniokun_series/,alive,alive,active_watch,likely_to_continue,0.125413139570411,3.5975451650906956,0.8993862912726739,8.7780102028213,2.194502550705325,13.272351426665804,3.318087856666451,4.715293512677478,7.1222557710272225,28.224547453133585
Games,19,1015,t3_1sdwhhf,"State of Decay 3 lead says the game only existed in a Word document when its reveal trailer dropped 6 years ago: ""We're not doing zombie animals""",https://www.reddit.com/r/Games/comments/1sdwhhf/state_of_decay_3_lead_says_the_game_only_existed/,alive,alive,active_watch,likely_to_continue,0.12211978299084421,0.0,3.5975451650906956,0.0,8.7780102028213,0.0,13.272351426665804,4.40454346891876,6.071784786921912,33.47618767550925
Games,20,1064,t3_1sbyeph,The Gaming Historian: A Farewell Video,https://www.reddit.com/r/Games/comments/1sbyeph/the_gaming_historian_a_farewell_video/,alive,alive,active_watch,likely_to_continue,0.17054073025126748,2.69327272169993,0.8977575738999767,6.57158544094783,2.1905284803159435,9.93623718671312,3.3120790622377063,4.0692842258214075,8.038454973897492,12.465999821960875
