subreddit,post_id,title,url,external_link,link_domain,author,created_at,first_seen_snapshot_id,first_seen_time_utc,last_seen_snapshot_id,last_seen_time_utc,snapshot_count,observed_hours,listing_types_seen,listing_type_count,seen_in_new,seen_in_rising,seen_in_hot,seen_in_top_day,seen_in_top_week,activity_states_seen,best_rank_seen,first_listing_type,last_listing_type,latest_rank_seen,latest_activity_state,is_currently_alive,is_currently_dead,first_age_minutes,last_age_minutes,age_at_last_seen_minutes,analysis_priority,activity_threshold_source,alive_upvote_velocity_threshold,alive_comment_velocity_threshold,surging_upvote_velocity_threshold,surging_comment_velocity_threshold,dead_upvote_velocity_threshold,dead_comment_velocity_threshold,fresh_at_first_seen_1h,fresh_at_first_seen_6h,old_at_last_seen_24h,last_upvote_velocity_per_hour,last_comment_velocity_per_hour,first_upvotes,last_upvotes,max_upvotes,first_comments,last_comments,max_comments,total_upvote_growth,total_comment_growth,comment_snapshot_count,latest_comment_snapshot_id,latest_comment_snapshot_time_utc,latest_comment_sample_count,latest_top_level_comment_sample_count,latest_reply_comment_sample_count,latest_unique_commenter_count,latest_total_comment_upvotes,latest_total_comment_replies,latest_avg_comment_upvotes,latest_max_comment_upvotes,latest_max_comment_replies,total_sampled_comment_upvotes,total_sampled_comment_replies,max_comment_upvotes_seen,max_comment_replies_seen,max_comment_sample_count_seen,max_total_comment_upvotes_seen,max_total_comment_replies_seen,comment_engagement_score,general_popularity_score,current_attention_score,visible_next_snapshot_count,focus_rank_overall,focus_rank_in_subreddit,is_top_5_in_subreddit,is_top_15_in_subreddit,recommended_action,tracking_candidate_rank,tracking_window
Games,t3_1scgdvh,Take-Two lays off AI team,https://www.reddit.com/r/Games/comments/1scgdvh/taketwo_lays_off_ai_team/,https://www.eurogamer.net/take-two-lays-off-ai-team,www.eurogamer.net,Marcoscb,2026-04-04T18:13:08+00:00,20260404_190003_free_public_json_games_new,2026-04-04T19:00:20.268354+00:00,20260404_210003_free_public_json_games_new,2026-04-04T21:00:22.318682+00:00,4,2.0005695355555555,new|rising,2,1,1,0,0,0,cooling|emerging|surging,1,new,new,2.0,surging,1,0,47.20447256666667,167.23864469999998,167.23864469999998,highest,subreddit_empirical,1.9998354429850642,1.000398521950922,8.054544497010271,5.0072920735465285,0.9973632784580105,0.49953702443728204,1,1,0,175.8522225359441,11.989924263814371,298.0,747.0,747.0,18.0,53.0,53.0,449.0,35.0,,,,,,,,,,,,,,,,,,,,0.0,33.06402294318929,22.917583273850923,2,1,1,1,1,track_now,1,next_hour
Games,t3_1segywx,“Spending decades working on one thing only to realize you can’t do anything else.” Guilty Gear creator discusses dangers of modern AAA development’s “overspecialization” of staff,https://www.reddit.com/r/Games/comments/1segywx/spending_decades_working_on_one_thing_only_to/,https://automaton-media.com/en/news/spending-decades-working-on-one-thing-only-to-realize-you-cant-do-anything-else-guilty-gear-creator-discusses-dangers-of-modern-aaa-developments-overspeci/,automaton-media.com,Forestl,2026-04-07T00:42:33+00:00,20260407_010003_free_public_json_games_new,2026-04-07T01:00:19.479253+00:00,20260407_080003_free_public_json_games_new,2026-04-07T08:00:25.811585+00:00,12,7.001758981111111,new|rising,2,1,1,0,0,0,cooling|surging,1,new,new,4.0,surging,1,0,17.774654216666665,437.8801930833333,437.8801930833333,highest,subreddit_empirical,1.9998354429850642,1.000398521950922,8.054544497010271,5.0072920735465285,0.9973632784580105,0.49953702443728204,1,1,0,77.9468119102984,8.993862912726739,45.0,1025.0,1025.0,2.0,80.0,80.0,980.0,78.0,,,,,,,,,,,,,,,,,,,,0.0,34.92320896623174,19.560008175621462,10,2,2,1,1,track_now,2,next_hour
Games,t3_1s9vh0y,Meet the Owlbrick.The first-ever console built specifically for CRPGs. [Owlcat Games],https://www.reddit.com/r/Games/comments/1s9vh0y/meet_the_owlbrickthe_firstever_console_built/,https://youtube.com/watch?v=RQkb31_R19Q,youtube.com,Eglwyswrw,2026-04-01T19:55:01+00:00,20260401_201833_free_public_json_games_new,2026-04-01T20:18:43.809278+00:00,20260401_220002_free_public_json_games_new,2026-04-01T22:00:26.995047+00:00,5,1.6953293802777778,new|rising,2,1,1,0,0,0,cooling|surging,1,new,new,3.0,surging,1,0,23.713487966666666,125.43325078333334,125.43325078333334,highest,subreddit_empirical,1.9998354429850642,1.000398521950922,8.054544497010271,5.0072920735465285,0.9973632784580105,0.49953702443728204,1,1,0,36.87434478050813,12.95585086882718,17.0,136.0,136.0,24.0,55.0,55.0,119.0,31.0,,,,,,,,,,,,,,,,,,,,0.0,27.963653338561286,19.457376762436756,3,3,3,1,1,track_now,3,next_hour
Games,t3_1s9psq6,Project R.O.A.C.H. | Official Trailer,https://www.reddit.com/r/Games/comments/1s9psq6/project_roach_official_trailer/,https://www.youtube.com/watch?v=JyohMcAT8no,www.youtube.com,DaveInLondon89,2026-04-01T16:38:54+00:00,20260401_201833_free_public_json_games_new,2026-04-01T20:18:43.809278+00:00,20260401_220002_free_public_json_games_new,2026-04-01T22:00:26.995047+00:00,5,1.6953293802777778,new|rising,2,1,1,0,0,0,cooling|surging,2,new,new,6.0,surging,1,0,219.83015463333334,321.54991745,321.54991745,highest,subreddit_empirical,1.9998354429850642,1.000398521950922,8.054544497010271,5.0072920735465285,0.9973632784580105,0.49953702443728204,0,1,0,42.85396825842837,8.969435216880356,169.0,230.0,230.0,19.0,36.0,36.0,61.0,17.0,,,,,,,,,,,,,,,,,,,,0.0,26.571854647596755,18.683762159654535,3,4,4,1,1,track_now,4,next_hour
Games,t3_1sefn8s,Nintendo are reportedly deleting Super Mario Maker 2 courses because of hashtags,https://www.reddit.com/r/Games/comments/1sefn8s/nintendo_are_reportedly_deleting_super_mario/,https://www.gamereactor.eu/nintendo-are-reportedly-deleting-super-mario-maker-2-courses-because-of-hashtags-1701513/,www.gamereactor.eu,Turbostrider27,2026-04-06T23:46:09+00:00,20260407_000003_free_public_json_games_new,2026-04-07T00:00:22.150037+00:00,20260407_080003_free_public_json_games_new,2026-04-07T08:00:25.811585+00:00,13,8.001017096666667,new|rising,2,1,1,0,0,0,cooling|surging,1,new,new,7.0,surging,1,0,14.219167283333332,494.2801930833333,494.2801930833333,highest,subreddit_empirical,1.9998354429850642,1.000398521950922,8.054544497010271,5.0072920735465285,0.9973632784580105,0.49953702443728204,1,1,0,24.98295253535205,5.995908608484492,13.0,355.0,355.0,0.0,82.0,82.0,342.0,82.0,,,,,,,,,,,,,,,,,,,,0.0,31.132274199176283,15.969771925204988,11,5,5,1,1,track_now,5,next_hour
Games,t3_1saprb9,"Mega Crit are working on three new Slay the Spire 2 modes, just don't place any bets on them all making it in",https://www.reddit.com/r/Games/comments/1saprb9/mega_crit_are_working_on_three_new_slay_the_spire/,https://www.rockpapershotgun.com/mega-crit-are-working-on-three-new-slay-the-spire-2-modes-just-dont-place-any-bets-on-them-all-making-it-in,www.rockpapershotgun.com,_Protector,2026-04-02T18:36:56+00:00,20260402_190002_free_public_json_games_new,2026-04-02T19:00:22.773391+00:00,20260402_210014_free_public_json_games_rising,2026-04-02T21:11:20.353961+00:00,5,2.1826612694444445,new|rising,2,1,1,0,0,0,cooling|surging,1,new,rising,10.0,surging,1,0,23.446223183333334,154.40589935,154.40589935,highest,subreddit_empirical,1.9998354429850642,1.000398521950922,8.054544497010271,5.0072920735465285,0.9973632784580105,0.49953702443728204,1,1,0,23.94452559248325,2.4942214158836715,5.0,59.0,59.0,0.0,5.0,5.0,54.0,5.0,,,,,,,,,,,,,,,,,,,,0.0,18.811034681894554,15.136284583956037,3,6,6,0,1,track_now,6,next_hour
Games,t3_1seg40z,Cyberpunk 2077’s VHS style TapePunk mod updated,https://www.reddit.com/r/Games/comments/1seg40z/cyberpunk_2077s_vhs_style_tapepunk_mod_updated/,,www.reddit.com,s1n0d3utscht3k,2026-04-07T00:05:34+00:00,20260407_010003_free_public_json_games_new,2026-04-07T01:00:19.479253+00:00,20260407_080003_free_public_json_games_new,2026-04-07T08:00:25.811585+00:00,12,7.001758981111111,new|rising,2,1,1,0,0,0,cooling|surging,3,new,new,6.0,surging,1,0,54.75798755,474.8635264166667,474.8635264166667,highest,subreddit_empirical,1.9998354429850642,1.000398521950922,8.054544497010271,5.0072920735465285,0.9973632784580105,0.49953702443728204,1,1,0,18.98704392686756,1.9986362028281641,0.0,156.0,156.0,1.0,11.0,11.0,156.0,10.0,,,,,,,,,,,,,,,,,,,,0.0,22.74837494734467,13.312339150374912,10,7,7,0,1,track_now,7,next_hour
Games,t3_1sc7q7l,Tamriel Rebuilt – New Player Guide & FAQ (Morrowind),https://www.reddit.com/r/Games/comments/1sc7q7l/tamriel_rebuilt_new_player_guide_faq_morrowind/,https://youtu.be/Bbh-KXQ3Ljo,youtu.be,brand_momentum,2026-04-04T12:15:34+00:00,20260404_130003_free_public_json_games_new,2026-04-04T13:00:25.896565+00:00,20260404_160003_free_public_json_games_new,2026-04-04T16:00:24.928634+00:00,6,2.999731130277778,new|rising,2,1,1,0,0,0,cooling|surging,2,new,new,5.0,surging,1,0,44.86494275,224.84881056666666,224.84881056666666,highest,subreddit_empirical,1.9998354429850642,1.000398521950922,8.054544497010271,5.0072920735465285,0.9973632784580105,0.49953702443728204,1,1,0,9.993614532802196,1.9987229065604393,20.0,51.0,51.0,3.0,7.0,7.0,31.0,4.0,,,,,,,,,,,,,,,,,,,,0.0,17.50612783703841,12.631288081264117,4,8,8,0,1,track_now,8,next_hour
Games,t3_1se6q2m,"Star Wars Eclipse Development Is ""Very Slow Going""",https://www.reddit.com/r/Games/comments/1se6q2m/star_wars_eclipse_development_is_very_slow_going/,https://insider-gaming.com/star-wars-eclipse-development-is-very-slow-going/,insider-gaming.com,Bobby_the_Donkey,2026-04-06T18:12:46+00:00,20260406_190003_free_public_json_games_new,2026-04-06T19:00:19.032200+00:00,20260407_080003_free_public_json_games_new,2026-04-07T08:00:25.811585+00:00,21,13.0018831625,new|rising,2,1,1,0,0,0,cooling|surging,1,new,new,11.0,surging,1,0,47.550536666666666,827.6635264166667,827.6635264166667,highest,subreddit_empirical,1.9998354429850642,1.000398521950922,8.054544497010271,5.0072920735465285,0.9973632784580105,0.49953702443728204,1,1,0,9.99318101414082,2.997954304242246,51.0,476.0,476.0,29.0,173.0,173.0,425.0,144.0,,,,,,,,,,,,,,,,,,,,0.0,32.33821262258295,12.503605563967666,19,9,9,0,1,track_now,9,next_hour
Games,t3_1se661i,Pillars of Eternity - Pillars of Eternity Turn Based Mode is Live - Steam News,https://www.reddit.com/r/Games/comments/1se661i/pillars_of_eternity_pillars_of_eternity_turn/,https://store.steampowered.com/news/app/291650/view/497222951593051013?l=english,store.steampowered.com,beary_neutral,2026-04-06T17:53:40+00:00,20260406_180003_free_public_json_games_new,2026-04-06T18:00:25.037066+00:00,20260407_080003_free_public_json_games_new,2026-04-07T08:00:25.811585+00:00,22,14.000215144166667,new|rising,2,1,1,0,0,0,cooling|surging,1,new,new,12.0,surging,1,0,6.750617766666666,846.7635264166668,846.7635264166668,highest,subreddit_empirical,1.9998354429850642,1.000398521950922,8.054544497010271,5.0072920735465285,0.9973632784580105,0.49953702443728204,1,1,0,13.990453419797149,1.9986362028281641,24.0,911.0,911.0,3.0,238.0,238.0,887.0,235.0,,,,,,,,,,,,,,,,,,,,0.0,35.04907683081877,12.459766213168443,20,10,10,0,1,track_now,10,next_hour
Games,t3_1s6l30i,"Indie Sunday Hub - March 29, 2026",https://www.reddit.com/r/Games/comments/1s6l30i/indie_sunday_hub_march_29_2026/,,www.reddit.com,rGamesModBot,2026-03-29T04:00:40+00:00,20260329_120004_free_public_json_games_new,2026-03-29T12:00:22.030783+00:00,20260401_201949_free_public_json_games_new,2026-04-01T20:20:02.398809+00:00,64,80.32788000722222,new|hot|top_day,3,1,0,1,1,0,cooling|alive|dying|dead|surging,2,new,new,100.0,surging,1,0,479.70051305,5299.373313483333,5299.373313483333,highest,subreddit_empirical,1.9998354429850642,1.000398521950922,8.054544497010271,5.0072920735465285,0.9973632784580105,0.49953702443728204,0,0,1,45.80762799055258,0.0,3.0,11.0,12.0,1.0,1.0,1.0,8.0,0.0,,,,,,,,,,,,,,,,,,,,0.0,10.230521047138913,11.128779975007735,53,11,11,0,1,track_now,11,next_hour
Games,t3_1se4zea,Main Character Of Rockstar’s Cancelled Agent Found By Dataminer,https://www.reddit.com/r/Games/comments/1se4zea/main_character_of_rockstars_cancelled_agent_found/,https://kotaku.com/main-character-of-rockstars-cancelled-agent-found-by-dataminer-2000685214,kotaku.com,Turbostrider27,2026-04-06T17:12:14+00:00,20260406_180003_free_public_json_games_new,2026-04-06T18:00:25.037066+00:00,20260407_080003_free_public_json_games_new,2026-04-07T08:00:25.811585+00:00,22,14.000215144166667,new|rising,2,1,1,0,0,0,cooling|surging|alive,2,new,new,13.0,surging,1,0,48.183951099999994,888.19685975,888.19685975,highest,subreddit_empirical,1.9998354429850642,1.000398521950922,8.054544497010271,5.0072920735465285,0.9973632784580105,0.49953702443728204,1,1,0,11.991817216968984,0.9993181014140821,87.0,292.0,292.0,6.0,43.0,43.0,205.0,37.0,,,,,,,,,,,,,,,,,,,,0.0,26.648445216957523,11.104408416186804,20,12,12,0,1,track_now,12,next_hour
Games,t3_1semoiv,Namco X Capcom opening and ending theme songs will appear on digital streaming platforms on April 11,https://www.reddit.com/r/Games/comments/1semoiv/namco_x_capcom_opening_and_ending_theme_songs/,https://www.rpgsite.net/news/20048-namco-x-capcom-opening-ending-theme-songs-will-appear-on-digital-streaming-platforms-on-april-11,www.rpgsite.net,Extreme-Tactician,2026-04-07T05:08:05+00:00,20260407_050020_free_public_json_games_rising,2026-04-07T05:10:51.385022+00:00,20260407_080003_free_public_json_games_new,2026-04-07T08:00:25.811585+00:00,5,2.8262296008333334,rising|new,2,1,1,0,0,0,cooling|alive,1,rising,new,1.0,alive,1,0,2.7730837,172.34685975,172.34685975,high,subreddit_empirical,1.9998354429850642,1.000398521950922,8.054544497010271,5.0072920735465285,0.9973632784580105,0.49953702443728204,1,1,0,5.995908608484492,0.9993181014140821,2.0,22.0,22.0,0.0,7.0,7.0,20.0,7.0,,,,,,,,,,,,,,,,,,,,0.0,15.611322492223621,9.343316555202366,3,13,13,0,1,track_soon,13,next_hour
Games,t3_1sbyeph,The Gaming Historian: A Farewell Video,https://www.reddit.com/r/Games/comments/1sbyeph/the_gaming_historian_a_farewell_video/,https://youtu.be/nV_Aww8_6wQ?si=3MbDnGW6tGsBqyQg,youtu.be,Sliver80,2026-04-04T03:24:46+00:00,20260404_040003_free_public_json_games_new,2026-04-04T04:00:21.444735+00:00,20260404_060003_free_public_json_games_new,2026-04-04T06:00:27.981433+00:00,4,2.0018157494444444,new|rising,2,1,1,0,0,0,cooling|surging|alive,1,new,new,2.0,alive,1,0,35.59074558333334,155.69969055,155.69969055,high,subreddit_empirical,1.9998354429850642,1.000398521950922,8.054544497010271,5.0072920735465285,0.9973632784580105,0.49953702443728204,1,1,0,2.9925252463332552,0.9975084154444185,9.0,29.0,29.0,1.0,2.0,2.0,20.0,1.0,,,,,,,,,,,,,,,,,,,,0.0,12.465999821960875,8.038454973897492,2,14,14,0,1,track_soon,14,next_hour
Games,t3_1segrmf,"Overwatch | A message from Game Director, Aaron Keller [A look at Anran's updated in-game look]",https://www.reddit.com/r/Games/comments/1segrmf/overwatch_a_message_from_game_director_aaron/,https://www.youtube.com/shorts/GV1GvIuFQRA,www.youtube.com,CrossXhunteR,2026-04-07T00:33:57+00:00,20260407_010003_free_public_json_games_new,2026-04-07T01:00:19.479253+00:00,20260407_080003_free_public_json_games_new,2026-04-07T08:00:25.811585+00:00,12,7.001758981111111,new|rising,2,1,1,0,0,0,cooling|surging|alive,2,new,new,5.0,alive,1,0,26.374654216666666,446.48019308333335,446.48019308333335,high,subreddit_empirical,1.9998354429850642,1.000398521950922,8.054544497010271,5.0072920735465285,0.9973632784580105,0.49953702443728204,1,1,0,2.997954304242246,1.9986362028281641,1.0,67.0,67.0,1.0,48.0,48.0,66.0,47.0,,,,,,,,,,,,,,,,,,,,0.0,23.225971597467066,7.88258818839842,10,15,15,0,1,track_soon,15,next_hour
news,t3_1sdbkrv,Iran Is Piercing Israel's Ballistic Missile Defenses With High Altitude Cluster Warhead Releases,https://www.reddit.com/r/news/comments/1sdbkrv/iran_is_piercing_israels_ballistic_missile/,https://www.twz.com/land/iran-is-piercing-israels-ballistic-missile-defenses-with-high-altitude-cluster-warhead-releases,www.twz.com,hamham95,2026-04-05T18:46:35+00:00,20260405_190003_free_public_json_news_new,2026-04-05T19:00:10.740005+00:00,20260405_210006_free_public_json_news_new,2026-04-05T21:02:46.667848+00:00,8,2.043313289722222,new|rising,2,1,1,0,0,0,cooling|surging,2,new,new,3.0,surging,1,0,13.59566675,136.19446413333333,136.19446413333333,highest,subreddit_empirical,6.993090127644874,1.499842922563109,107.85094100575957,15.984560980682659,1.9455814870018129,0.5010342179227312,1,1,0,2889.5267605564536,321.05852895071706,143.0,7399.0,7399.0,15.0,830.0,830.0,7256.0,815.0,5.0,20260405_210006_free_public_json_news_new,2026-04-05T21:02:46.667848+00:00,20.0,5.0,15.0,19.0,6786.0,0.0,339.3,2122.0,0.0,16053.0,0.0,2122.0,0.0,30.0,7019.0,0.0,23.181589380373865,75.71631608429296,49.604908640301424,6,80,1,1,1,track_now,1,next_hour
news,t3_1sbn1gl,"Second US warplane crashes near Hormuz, pilot rescued - NYT",https://www.reddit.com/r/news/comments/1sbn1gl/second_us_warplane_crashes_near_hormuz_pilot/,https://www.iranintl.com/en/202604034205,www.iranintl.com,InterestingGrass5038,2026-04-03T19:20:28+00:00,20260403_200003_free_public_json_news_new,2026-04-03T20:02:40.839465+00:00,20260403_200009_free_public_json_news_new,2026-04-03T20:02:56.487002+00:00,2,0.004346538055555555,new,1,1,0,0,0,0,cooling|surging,2,new,new,2.0,surging,1,0,42.21399108333333,42.474783366666664,42.474783366666664,highest,subreddit_empirical,6.993090127644874,1.499842922563109,107.85094100575957,15.984560980682659,1.9455814870018129,0.5010342179227312,1,1,0,7592.249182730803,1150.340785262243,2351.0,2384.0,2384.0,389.0,394.0,394.0,33.0,5.0,2.0,20260403_200009_free_public_json_news_new,2026-04-03T20:02:56.487002+00:00,20.0,8.0,12.0,19.0,20.0,0.0,1.0,1.0,0.0,25.0,0.0,1.0,0.0,20.0,20.0,0.0,10.79266816689911,51.718307271825275,49.134533723132016,1,81,2,1,1,track_now,2,next_hour
news,t3_1sev9p9,UK government bans Kanye West from entering country,https://www.reddit.com/r/news/comments/1sev9p9/uk_government_bans_kanye_west_from_entering/,https://www.theguardian.com/music/2026/apr/07/home-office-bans-kanye-west-from-entering-uk-wireless-festival,www.theguardian.com,_easilyamused,2026-04-07T12:59:12+00:00,20260407_130007_free_public_json_news_new,2026-04-07T13:03:13.458564+00:00,20260407_154228_free_public_json_news_new,2026-04-07T15:44:38.313150+00:00,2,2.6902373849999996,new,1,1,0,0,0,0,cooling|surging,1,new,new,7.0,surging,1,0,4.0243094,165.4385525,165.4385525,highest,subreddit_empirical,6.993090127644874,1.499842922563109,107.85094100575957,15.984560980682659,1.9455814870018129,0.5010342179227312,1,1,0,4062.4667774438803,184.3703469312988,32.0,10961.0,10961.0,2.0,498.0,498.0,10929.0,496.0,1.0,20260407_154228_free_public_json_news_new,2026-04-07T15:44:38.313150+00:00,20.0,6.0,14.0,20.0,4981.0,0.0,249.05,1299.0,0.0,4981.0,0.0,1299.0,0.0,20.0,4981.0,0.0,22.48024350420269,74.37260302444145,48.37187963194876,1,82,3,1,1,track_now,3,next_hour
news,t3_1schib3,Polymarket apologizes for allowing wagers on fate of U.S. pilots downed in Iran,https://www.reddit.com/r/news/comments/1schib3/polymarket_apologizes_for_allowing_wagers_on_fate/,https://www.nbcnews.com/news/us-news/polymarket-apologizes-allowing-wagers-fate-us-pilots-downed-iran-rcna266715,www.nbcnews.com,bighootay,2026-04-04T18:57:26+00:00,20260404_190003_free_public_json_news_new,2026-04-04T19:00:11.082355+00:00,20260404_220004_free_public_json_news_new,2026-04-04T22:00:10.108030+00:00,8,2.999729354166667,new|rising,2,1,1,0,0,0,cooling|surging,1,new,new,5.0,surging,1,0,2.7513725833333336,182.73513383333332,182.73513383333332,highest,subreddit_empirical,6.993090127644874,1.499842922563109,107.85094100575957,15.984560980682659,1.9455814870018129,0.5010342179227312,1,1,0,2495.1033762913853,78.00323180389903,8.0,9250.0,9250.0,2.0,439.0,439.0,9242.0,437.0,4.0,20260404_210022_free_public_json_news_rising,2026-04-04T21:01:29.079330+00:00,30.0,12.0,18.0,30.0,11508.0,0.0,383.6,5415.0,0.0,15774.0,0.0,5415.0,0.0,30.0,11508.0,0.0,25.385502101692325,75.27261232946032,46.54066369100314,6,83,4,1,1,track_now,4,next_hour
news,t3_1setyem,DeSantis signs Florida law to label groups as terrorists and expel student supporters,https://www.reddit.com/r/news/comments/1setyem/desantis_signs_florida_law_to_label_groups_as/,https://apnews.com/article/desantis-florida-terrorist-groups-free-speech-0b5dfb47052a17168919a3ce3c80dead?utm_source=Rantt+Newsletter&utm_campaign=410ba47916-EMAIL_CAMPAIGN_2026_04_06_11_30&utm_medium=email&utm_term=0_-410ba47916-572095729,apnews.com,Vrgom20,2026-04-07T12:01:49+00:00,20260407_130007_free_public_json_news_new,2026-04-07T13:03:13.458564+00:00,20260407_154228_free_public_json_news_new,2026-04-07T15:44:38.313150+00:00,2,2.6902373849999996,new,1,1,0,0,0,0,cooling|surging,3,new,new,9.0,surging,1,0,61.40764273333333,222.82188583333334,222.82188583333334,highest,subreddit_empirical,6.993090127644874,1.499842922563109,107.85094100575957,15.984560980682659,1.9455814870018129,0.5010342179227312,0,1,0,1736.6497194819112,111.51432274070493,1472.0,6144.0,6144.0,190.0,490.0,490.0,4672.0,300.0,2.0,20260407_154228_free_public_json_news_new,2026-04-07T15:44:38.313150+00:00,20.0,7.0,13.0,20.0,12331.0,0.0,616.55,3283.0,0.0,12351.0,0.0,3283.0,0.0,20.0,12331.0,0.0,24.307207974327664,72.72529896708488,46.155527900898164,1,84,5,1,1,track_now,5,next_hour
news,t3_1set6vm,American woman missing after husband reports she fell overboard during Bahamas trip,https://www.reddit.com/r/news/comments/1set6vm/american_woman_missing_after_husband_reports_she/,https://www.nbcnews.com/news/us-news/american-woman-missing-husband-reports-fell-overboard-bahamas-rcna266823,www.nbcnews.com,804Brady,2026-04-07T11:25:12+00:00,20260407_130007_free_public_json_news_new,2026-04-07T13:03:13.458564+00:00,20260407_154228_free_public_json_news_new,2026-04-07T15:44:38.313150+00:00,2,2.6902373849999996,new,1,1,0,0,0,0,cooling|surging,6,new,new,12.0,surging,1,0,98.02430939999999,259.4385525,259.4385525,highest,subreddit_empirical,6.993090127644874,1.499842922563109,107.85094100575957,15.984560980682659,1.9455814870018129,0.5010342179227312,0,1,0,1369.3958832558565,113.74460919551902,2421.0,6105.0,6105.0,285.0,591.0,591.0,3684.0,306.0,2.0,20260407_154228_free_public_json_news_new,2026-04-07T15:44:38.313150+00:00,20.0,7.0,13.0,19.0,12676.0,0.0,633.8,4242.0,0.0,18149.0,0.0,4242.0,0.0,20.0,12676.0,0.0,24.47851205212867,72.80021457837131,45.58064095467227,1,85,6,0,1,track_now,6,next_hour
news,t3_1sesfbc,US soldier trying to halt wife's deportation after she was detained on Louisiana military base,https://www.reddit.com/r/news/comments/1sesfbc/us_soldier_trying_to_halt_wifes_deportation_after/,https://apnews.com/article/ice-immigration-military-spouse-deport-59ce5951fb284f95b836d0b07d6b0718,apnews.com,NobodyXNo,2026-04-07T10:45:31+00:00,20260407_110006_free_public_json_news_new,2026-04-07T11:03:24.886723+00:00,20260407_154228_free_public_json_news_new,2026-04-07T15:44:38.313150+00:00,3,4.6870628963888885,new,1,1,0,0,0,0,cooling|surging,1,new,new,13.0,surging,1,0,17.89811205,299.12188583333335,299.12188583333335,highest,subreddit_empirical,6.993090127644874,1.499842922563109,107.85094100575957,15.984560980682659,1.9455814870018129,0.5010342179227312,1,1,0,1693.1591336130364,83.264027646393,56.0,8968.0,8968.0,7.0,514.0,514.0,8912.0,507.0,3.0,20260407_154228_free_public_json_news_new,2026-04-07T15:44:38.313150+00:00,20.0,6.0,14.0,19.0,10036.0,0.0,501.8,3201.0,0.0,15306.0,0.0,3201.0,0.0,20.0,10036.0,0.0,23.977901203914303,73.95156670453432,45.00323381441916,2,86,7,0,1,track_now,7,next_hour
news,t3_1see5e7,Anti-LGBTQ+ Christian author indicted on child sex abuse charges in Ohio,https://www.reddit.com/r/news/comments/1see5e7/antilgbtq_christian_author_indicted_on_child_sex/,https://tiffinohio.net/posts/anti-lgbtq-christian-author-indicted-on-child-sex-abuse-charges-in-ohio/,tiffinohio.net,Fun_Elk593,2026-04-06T22:44:44+00:00,20260406_230003_free_public_json_news_new,2026-04-06T23:00:08.130361+00:00,20260406_230006_free_public_json_news_new,2026-04-06T23:02:30.317129+00:00,3,0.039496324444444446,new|rising,2,1,1,0,0,0,cooling|emerging|surging,1,new,new,1.0,surging,1,0,15.402172683333333,17.77195215,17.77195215,highest,subreddit_empirical,6.993090127644874,1.499842922563109,107.85094100575957,15.984560980682659,1.9455814870018129,0.5010342179227312,1,1,0,4202.9227361015755,253.18811663262505,549.0,715.0,715.0,47.0,57.0,57.0,166.0,10.0,2.0,20260406_230006_free_public_json_news_new,2026-04-06T23:02:30.317129+00:00,20.0,15.0,5.0,19.0,20.0,0.0,1.0,1.0,0.0,40.0,0.0,1.0,0.0,20.0,20.0,0.0,10.79266816689911,47.118669138802666,44.32114837064869,1,87,8,0,1,track_now,8,next_hour
news,t3_1seujax,"US strikes military targets on Iran's Kharg Island, US official says",https://www.reddit.com/r/news/comments/1seujax/us_strikes_military_targets_on_irans_kharg_island/,https://www.reuters.com/world/middle-east/us-strikes-military-targets-irans-kharg-island-us-official-says-2026-04-07/,www.reuters.com,cyberpunk6066,2026-04-07T12:27:47+00:00,20260407_130007_free_public_json_news_new,2026-04-07T13:03:13.458564+00:00,20260407_154228_free_public_json_news_new,2026-04-07T15:44:38.313150+00:00,2,2.6902373849999996,new,1,1,0,0,0,0,cooling|surging,2,new,new,8.0,surging,1,0,35.440976066666664,196.85521916666667,196.85521916666667,highest,subreddit_empirical,6.993090127644874,1.499842922563109,107.85094100575957,15.984560980682659,1.9455814870018129,0.5010342179227312,1,1,0,734.8793868612454,137.53433138020273,353.0,2330.0,2330.0,121.0,491.0,491.0,1977.0,370.0,2.0,20260407_154228_free_public_json_news_new,2026-04-07T15:44:38.313150+00:00,20.0,8.0,12.0,20.0,5601.0,0.0,280.05,1192.0,0.0,5621.0,0.0,1192.0,0.0,20.0,5601.0,0.0,22.572598257253798,68.43087810115959,43.88951308186011,1,88,9,0,1,track_now,9,next_hour
news,t3_1sbb753,President of largest Mosque in Wisconsin detained by ICE,https://www.reddit.com/r/news/comments/1sbb753/president_of_largest_mosque_in_wisconsin_detained/,https://www.nytimes.com/2026/04/02/us/ice-milwaukee-muslim-leader-arrest.html?unlocked_article_code=1.YFA.Ga6K.5ZU3UIWIulj_&smid=nytcore-android-share,www.nytimes.com,backwardinduction,2026-04-03T11:40:09+00:00,20260403_120003_free_public_json_news_new,2026-04-03T12:00:12.969067+00:00,20260403_130005_free_public_json_news_new,2026-04-03T13:02:59.493056+00:00,5,1.046256663611111,new|rising,2,1,1,0,0,0,cooling|surging,1,new,new,2.0,surging,1,0,20.066151116666667,82.84155093333334,82.84155093333334,highest,subreddit_empirical,6.993090127644874,1.499842922563109,107.85094100575957,15.984560980682659,1.9455814870018129,0.5010342179227312,1,1,0,869.4581358411112,169.65036796899733,113.0,1075.0,1075.0,7.0,183.0,183.0,962.0,176.0,3.0,20260403_130005_free_public_json_news_new,2026-04-03T13:02:59.493056+00:00,20.0,3.0,17.0,19.0,656.0,0.0,32.8,501.0,0.0,1316.0,0.0,501.0,0.0,30.0,656.0,0.0,19.1365952792809,61.07065178457097,42.861937274129836,3,89,10,0,1,track_now,10,next_hour
news,t3_1scq90f,Iranian missile blitz takes down AWS data centers in Bahrain and Dubai — Amazon reportedly declares “hard down” status for multiple zones,https://www.reddit.com/r/news/comments/1scq90f/iranian_missile_blitz_takes_down_aws_data_centers/,https://www.tomshardware.com/tech-industry/iranian-missile-blitz-takes-down-aws-data-centers-in-bahrain-and-dubai-amazon-declares-hard-down-status-for-multiple-zones,www.tomshardware.com,overly_honest_,2026-04-05T01:10:58+00:00,20260405_020003_free_public_json_news_new,2026-04-05T02:00:08.533251+00:00,20260405_110006_free_public_json_news_new,2026-04-05T11:03:21.978642+00:00,24,9.053734830833333,new|rising,2,1,1,0,0,0,cooling|surging,3,new,new,10.0,surging,1,0,49.17555418333333,592.3996440333334,592.3996440333334,highest,subreddit_empirical,6.993090127644874,1.499842922563109,107.85094100575957,15.984560980682659,1.9455814870018129,0.5010342179227312,1,1,0,738.9835474997833,56.8448882692141,1642.0,13571.0,13571.0,145.0,877.0,877.0,11929.0,732.0,9.0,20260405_110021_free_public_json_news_rising,2026-04-05T11:01:51.247348+00:00,30.0,11.0,19.0,29.0,18561.0,0.0,618.7,5377.0,0.0,88786.0,0.0,5377.0,0.0,30.0,18561.0,0.0,25.972445861560225,77.07706583759821,42.71388982388583,22,90,11,0,1,track_now,11,next_hour
news,t3_1scs3mf,Death of near-blind refugee — left at closed Tim Hortons by U.S. Border Patrol — ruled a homicide,https://www.reddit.com/r/news/comments/1scs3mf/death_of_nearblind_refugee_left_at_closed_tim/,https://www.cbc.ca/news/world/us-ny-buffalo-migrant-cause-of-death-9.7151065,www.cbc.ca,BusyHands_,2026-04-05T02:41:47+00:00,20260405_030002_free_public_json_news_new,2026-04-05T03:00:11.493533+00:00,20260405_030006_free_public_json_news_new,2026-04-05T03:02:24.181482+00:00,3,0.036857763611111115,new|rising,2,1,1,0,0,0,cooling|emerging|surging,1,new,new,2.0,surging,1,0,18.40822555,20.619691366666665,20.619691366666665,highest,subreddit_empirical,6.993090127644874,1.499842922563109,107.85094100575957,15.984560980682659,1.9455814870018129,0.5010342179227312,1,1,0,3418.5470754393828,135.65662997775328,619.0,745.0,745.0,16.0,21.0,21.0,126.0,5.0,2.0,20260405_030006_free_public_json_news_new,2026-04-05T03:02:24.181482+00:00,18.0,7.0,11.0,16.0,18.0,0.0,1.0,1.0,0.0,37.0,0.0,1.0,0.0,19.0,19.0,0.0,10.396192483958657,43.50635345115688,41.756767408160634,1,91,12,0,1,track_now,12,next_hour
news,t3_1sce25t,A US senator calls for a declaration of war; Iran claims to have hit two US aircraft: What you need to know this Saturday morning,https://www.reddit.com/r/news/comments/1sce25t/a_us_senator_calls_for_a_declaration_of_war_iran/,https://today.lorientlejour.com/article/1502182/a-us-senator-calls-for-a-declaration-of-war-iran-claims-to-have-hit-two-us-aircraft-what-you-need-to-know-this-saturday-morning.html,today.lorientlejour.com,Neptun_11,2026-04-04T16:43:54+00:00,20260404_170003_free_public_json_news_new,2026-04-04T17:00:10.394556+00:00,20260404_170007_free_public_json_news_new,2026-04-04T17:02:35.642668+00:00,3,0.040346697777777774,new|rising,2,1,1,0,0,0,cooling|emerging|surging,1,new,new,1.0,surging,1,0,16.2732426,18.694044466666664,18.694044466666664,highest,subreddit_empirical,6.993090127644874,1.499842922563109,107.85094100575957,15.984560980682659,1.9455814870018129,0.5010342179227312,1,1,0,1933.243717481161,148.71105519085853,127.0,205.0,205.0,15.0,21.0,21.0,78.0,6.0,2.0,20260404_170007_free_public_json_news_new,2026-04-04T17:02:35.642668+00:00,15.0,8.0,7.0,15.0,15.0,0.0,1.0,1.0,0.0,28.0,0.0,1.0,0.0,15.0,15.0,0.0,9.912004682007217,40.42212036297045,40.74987490109563,1,92,13,0,1,track_now,13,next_hour
news,t3_1sesary,Exclusive: ICE arrested more than 800 people after tips from US airport security agency,https://www.reddit.com/r/news/comments/1sesary/exclusive_ice_arrested_more_than_800_people_after/,https://www.reuters.com/world/ice-arrested-more-than-800-people-after-tips-us-airport-security-agency-2026-04-07/,www.reuters.com,WilliamInBlack,2026-04-07T10:38:34+00:00,20260407_110006_free_public_json_news_new,2026-04-07T11:03:24.886723+00:00,20260407_154228_free_public_json_news_new,2026-04-07T15:44:38.313150+00:00,3,4.6870628963888885,new,1,1,0,0,0,0,cooling|surging,2,new,new,14.0,surging,1,0,24.84811205,306.07188583333334,306.07188583333334,highest,subreddit_empirical,6.993090127644874,1.499842922563109,107.85094100575957,15.984560980682659,1.9455814870018129,0.5010342179227312,1,1,0,936.3485966127856,31.967439185668745,130.0,4004.0,4004.0,8.0,158.0,158.0,3874.0,150.0,3.0,20260407_154228_free_public_json_news_new,2026-04-07T15:44:38.313150+00:00,20.0,5.0,15.0,18.0,5398.0,0.0,269.9,1282.0,0.0,6836.0,0.0,1282.0,0.0,20.0,5398.0,0.0,22.48545120103262,65.78991955743024,40.56504698301246,2,93,14,0,1,track_now,14,next_hour
news,t3_1sepw8m,Sam Altman's sister amends lawsuit accusing OpenAI CEO of sexual abuse,https://www.reddit.com/r/news/comments/1sepw8m/sam_altmans_sister_amends_lawsuit_accusing_openai/,https://www.reuters.com/legal/government/judge-now-dismisses-lawsuit-by-sam-altmans-sister-accusing-openai-ceo-sexual-2026-03-20/,www.reuters.com,monkey_gamer,2026-04-07T08:15:14+00:00,20260407_093232_free_public_json_news_new,2026-04-07T09:35:42.343230+00:00,20260407_154228_free_public_json_news_new,2026-04-07T15:44:38.313150+00:00,3,6.148880533333333,new,1,1,0,0,0,0,cooling|surging,1,new,new,17.0,surging,1,0,80.47238716666668,449.4052191666667,449.4052191666667,highest,subreddit_empirical,6.993090127644874,1.499842922563109,107.85094100575957,15.984560980682659,1.9455814870018129,0.5010342179227312,0,1,0,541.2161797015546,43.490585868874916,190.0,2873.0,2873.0,42.0,283.0,283.0,2683.0,241.0,2.0,20260407_154228_free_public_json_news_new,2026-04-07T15:44:38.313150+00:00,20.0,6.0,14.0,19.0,6198.0,0.0,309.9,1403.0,0.0,6313.0,0.0,1403.0,0.0,20.0,6198.0,0.0,22.774328628689226,66.52258194181738,39.63900408228561,1,94,15,0,1,track_now,15,next_hour
politics,t3_1sb8ttw,Amy Coney Barrett Unraveled the Case Against Birthright Citizenship With One Question,https://www.reddit.com/r/politics/comments/1sb8ttw/amy_coney_barrett_unraveled_the_case_against/,https://slate.com/news-and-politics/2026/04/supreme-court-analysis-amy-coney-barrett-birthright-citizenship-fail.html,slate.com,MemeLord0009,2026-04-03T09:28:52+00:00,20260403_100003_free_public_json_politics_new,2026-04-03T10:00:14.477435+00:00,20260403_210020_free_public_json_politics_rising,2026-04-03T21:02:39.187802+00:00,7,11.040197324166666,new|rising,2,1,1,0,0,0,cooling|alive|surging,2,new,rising,46.0,surging,1,0,31.374623916666668,693.7864633666667,693.7864633666667,highest,subreddit_empirical,6.986741693078877,1.9999521572556027,123.88669149198891,15.019601842689994,1.996669613540964,0.9985262274335667,1,1,0,954.9424246263831,106.17419048032991,18.0,8598.0,8598.0,4.0,1004.0,1004.0,8580.0,1000.0,2.0,20260403_210020_free_public_json_politics_rising,2026-04-03T21:02:39.187802+00:00,30.0,12.0,18.0,30.0,31432.0,0.0,1047.7333333333333,9604.0,0.0,31462.0,0.0,9604.0,0.0,30.0,31432.0,0.0,27.092698130137013,78.56373803856214,45.64879439081219,5,253,1,1,1,track_now,1,next_hour
politics,t3_1sb0k3c,Hegseth lifts ban on service members carrying personal firearms on base,https://www.reddit.com/r/politics/comments/1sb0k3c/hegseth_lifts_ban_on_service_members_carrying/,https://thehill.com/policy/defense/5814119-defense-secretary-lifts-gun-ban/?fbclid=IwdGRjcAQ7_XRjbGNrBDv9cmV4dG4DYWVtAjExAHNydGMGYXBwX2lkDDM1MDY4NTUzMTcyOAABHjwyG_PGIZ_b9clPVRHxepAHn35y4bmho3YFKoaJUSQw58ClOLuuPXDA3EVj_aem_pYfHN2xA1mZsgZz2H52THg,thehill.com,kootles10,2026-04-03T01:56:04+00:00,20260403_020003_free_public_json_politics_new,2026-04-03T02:00:18.602898+00:00,20260403_140003_free_public_json_politics_new,2026-04-03T14:00:16.156043+00:00,18,11.999320318055554,new|rising,2,1,1,0,0,0,cooling|surging,1,new,new,72.0,surging,1,0,4.243381633333334,724.2026007166667,724.2026007166667,highest,subreddit_empirical,6.986741693078877,1.9999521572556027,123.88669149198891,15.019601842689994,1.996669613540964,0.9985262274335667,1,1,0,577.0953449677231,84.01388037658361,3.0,8333.0,8333.0,5.0,1153.0,1153.0,8330.0,1148.0,5.0,20260403_130020_free_public_json_politics_rising,2026-04-03T13:02:52.530836+00:00,30.0,10.0,20.0,28.0,22027.0,0.0,734.2333333333333,7306.0,0.0,39290.0,0.0,7306.0,0.0,30.0,22027.0,0.0,26.37905308812094,77.51244079412663,42.92325709963978,16,254,2,1,1,track_now,2,next_hour
politics,t3_1sej29o,"Pentagon cancels Tuesday press briefing with Caine, Hegseth",https://www.reddit.com/r/politics/comments/1sej29o/pentagon_cancels_tuesday_press_briefing_with/,https://thehill.com/homenews/5818790-pentagon-briefing-iran-canceled/?fbclid=IwdGRjcARBR79jbGNrBEFHp2V4dG4DYWVtAjExAHNydGMGYXBwX2lkDDM1MDY4NTUzMTcyOAABHr_2k5n8LlnzWTM8sqdp3z07gtG3c52D03HZkx30R9jd7JJWldU9Pu6RCfZS_aem_pdi677QPKCQ16bxPoMleag,thehill.com,kootles10,2026-04-07T02:14:11+00:00,20260407_030003_free_public_json_politics_new,2026-04-07T03:00:15.065293+00:00,20260407_110006_free_public_json_politics_new,2026-04-07T12:10:28.062557+00:00,10,9.170277017777778,new|rising,2,1,1,0,0,0,cooling|surging,4,new,new,54.0,surging,1,0,46.067754883333336,596.2843759499999,596.2843759499999,highest,subreddit_empirical,6.986741693078877,1.9999521572556027,123.88669149198891,15.019601842689994,1.996669613540964,0.9985262274335667,1,1,0,863.8306719203937,64.84169779150562,908.0,10174.0,10174.0,216.0,1337.0,1337.0,9266.0,1121.0,4.0,20260407_110006_free_public_json_politics_new,2026-04-07T12:10:28.062557+00:00,20.0,8.0,12.0,18.0,17467.0,0.0,873.35,4408.0,0.0,17547.0,0.0,4408.0,0.0,30.0,17467.0,0.0,24.875967925255548,76.69244163097476,42.59469188825161,8,255,3,1,1,track_now,3,next_hour
politics,t3_1sawusq,Trump signs 100% tariff on brand-name pharmaceuticals,https://www.reddit.com/r/politics/comments/1sawusq/trump_signs_100_tariff_on_brandname/,https://www.usatoday.com/story/news/politics/2026/04/02/donald-trump-tariff-drug-companies-pharmaceuticals/89438510007/,www.usatoday.com,wenchette,2026-04-02T23:10:22+00:00,20260403_000003_free_public_json_politics_new,2026-04-03T00:00:15.033665+00:00,20260403_140003_free_public_json_politics_new,2026-04-03T14:00:16.156043+00:00,21,14.000311771666667,new|rising,2,1,1,0,0,0,cooling|surging,8,new,new,97.0,surging,1,0,49.883894416666664,889.9026007166667,889.9026007166667,highest,subreddit_empirical,6.986741693078877,1.9999521572556027,123.88669149198891,15.019601842689994,1.996669613540964,0.9985262274335667,1,1,0,479.07915119504224,50.008262128918815,398.0,10231.0,10231.0,161.0,1230.0,1230.0,9833.0,1069.0,5.0,20260403_130020_free_public_json_politics_rising,2026-04-03T13:02:52.530836+00:00,30.0,11.0,19.0,27.0,38641.0,0.0,1288.0333333333333,13937.0,0.0,73322.0,0.0,13937.0,0.0,30.0,38641.0,0.0,27.530154206806515,78.50270340479881,41.797639133726136,19,256,4,1,1,track_now,4,next_hour
politics,t3_1sband8,Pam Bondi Odds of Being Removed Surged on Prediction Markets Before Firing,https://www.reddit.com/r/politics/comments/1sband8/pam_bondi_odds_of_being_removed_surged_on/,https://www.newsweek.com/pam-bondi-odds-removed-attorney-general-rumors-11776152,www.newsweek.com,Illuminated12,2026-04-03T11:11:22+00:00,20260403_120003_free_public_json_politics_new,2026-04-03T12:00:22.242648+00:00,20260403_210020_free_public_json_politics_rising,2026-04-03T21:02:39.187802+00:00,5,9.038040320555556,new|rising,2,1,1,0,0,0,cooling|surging,2,new,rising,40.0,surging,1,0,49.00404413333333,591.2864633666667,591.2864633666667,highest,subreddit_empirical,6.986741693078877,1.9999521572556027,123.88669149198891,15.019601842689994,1.996669613540964,0.9985262274335667,1,1,0,692.0706361815616,33.64058567633539,179.0,6390.0,6390.0,36.0,348.0,348.0,6211.0,312.0,2.0,20260403_210020_free_public_json_politics_rising,2026-04-03T21:02:39.187802+00:00,30.0,9.0,21.0,29.0,5983.0,0.0,199.43333333333334,1919.0,0.0,6013.0,0.0,1919.0,0.0,30.0,5983.0,0.0,23.779816489944,70.12489383255883,40.22685385746815,3,257,5,1,1,track_now,5,next_hour
politics,t3_1seccjb,Trump Drops Vile Slur About Oval Office Predecessor,https://www.reddit.com/r/politics/comments/1seccjb/trump_drops_vile_slur_about_oval_office/,https://www.thedailybeast.com/donald-trump-drops-vile-slur-about-former-president-joe-biden/,www.thedailybeast.com,icey_sawg0034,2026-04-06T21:34:14+00:00,20260406_220003_free_public_json_politics_new,2026-04-06T22:00:19.006990+00:00,20260407_110006_free_public_json_politics_new,2026-04-07T12:10:28.062557+00:00,14,14.169182101944445,new|rising,2,1,1,0,0,0,cooling|surging,5,new,new,99.0,surging,1,0,26.083449833333336,876.23437595,876.23437595,highest,subreddit_empirical,6.986741693078877,1.9999521572556027,123.88669149198891,15.019601842689994,1.996669613540964,0.9985262274335667,1,1,0,369.46712365763943,30.027363406804618,69.0,14528.0,14528.0,32.0,1551.0,1551.0,14459.0,1519.0,4.0,20260407_110006_free_public_json_politics_new,2026-04-07T12:10:28.062557+00:00,20.0,8.0,12.0,20.0,41758.0,0.0,2087.9,16304.0,0.0,119392.0,0.0,16304.0,0.0,30.0,41758.0,0.0,27.014527439658124,78.95099479866181,39.80516496133362,11,258,6,0,1,track_now,6,next_hour
politics,t3_1segb0a,House Democrat moves to impeach Hegseth over Iran war,https://www.reddit.com/r/politics/comments/1segb0a/house_democrat_moves_to_impeach_hegseth_over_iran/,https://www.axios.com/2026/04/06/pete-hegseth-impeach-democrats-iran-war-trump,www.axios.com,spherocytes,2026-04-07T00:13:49+00:00,20260407_010003_free_public_json_politics_new,2026-04-07T01:00:16.299058+00:00,20260407_110006_free_public_json_politics_new,2026-04-07T12:10:28.062557+00:00,11,11.169934305277778,new|rising,2,1,1,0,0,0,emerging|cooling|surging,1,new,new,71.0,surging,1,0,46.4549843,716.6510426166666,716.6510426166666,highest,subreddit_empirical,6.986741693078877,1.9999521572556027,123.88669149198891,15.019601842689994,1.996669613540964,0.9985262274335667,1,1,0,1087.0775911622889,23.93485488948194,799.0,20241.0,20241.0,36.0,377.0,377.0,19442.0,341.0,4.0,20260407_110006_free_public_json_politics_new,2026-04-07T12:10:28.062557+00:00,20.0,8.0,12.0,20.0,7012.0,0.0,350.6,3389.0,0.0,13072.0,0.0,3389.0,0.0,30.0,7012.0,0.0,23.59568386257932,73.06832198421188,39.71141315397279,8,259,7,0,1,track_now,7,next_hour
politics,t3_1sdi9j8,Trump’s chances of being removed by 25th Amendment climb,https://www.reddit.com/r/politics/comments/1sdi9j8/trumps_chances_of_being_removed_by_25th_amendment/,https://www.newsweek.com/trumps-chances-of-being-removed-by-25th-amendment-climb-11785658?,www.newsweek.com,Fr1sk3r,2026-04-05T23:18:17+00:00,20260406_000002_free_public_json_politics_new,2026-04-06T00:00:20.706379+00:00,20260406_190019_free_public_json_politics_rising,2026-04-06T19:02:45.006458+00:00,27,19.040083355277776,new|rising,2,1,1,0,0,0,cooling|surging,1,new,rising,39.0,surging,1,0,42.061772983333334,1184.4667743,1184.4667743,highest,subreddit_empirical,6.986741693078877,1.9999521572556027,123.88669149198891,15.019601842689994,1.996669613540964,0.9985262274335667,1,1,0,314.12144607419305,20.94142973827954,1766.0,24132.0,24132.0,290.0,1834.0,1834.0,22366.0,1544.0,11.0,20260406_190019_free_public_json_politics_rising,2026-04-06T19:02:45.006458+00:00,30.0,10.0,20.0,30.0,38201.0,0.0,1273.3666666666666,16173.0,0.0,210113.0,0.0,16173.0,0.0,30.0,38201.0,0.0,27.711021428996453,80.65484641218207,39.429803738779434,25,260,8,0,1,track_now,8,next_hour
politics,t3_1seh6fb,Trump signs absentee/mail-in voting executive order,https://www.reddit.com/r/politics/comments/1seh6fb/trump_signs_absenteemailin_voting_executive_order/,https://news.ballotpedia.org/2026/04/06/trump-signs-absentee-mail-in-voting-executive-order-2/,news.ballotpedia.org,retiredagainstmywill,2026-04-07T00:51:36+00:00,20260407_010003_free_public_json_politics_new,2026-04-07T01:00:16.299058+00:00,20260407_110006_free_public_json_politics_new,2026-04-07T12:10:28.062557+00:00,11,11.169934305277778,new|rising,2,1,1,0,0,0,emerging|cooling|surging,2,new,new,62.0,surging,1,0,8.671650966666666,678.8677092833333,678.8677092833333,highest,subreddit_empirical,6.986741693078877,1.9999521572556027,123.88669149198891,15.019601842689994,1.996669613540964,0.9985262274335667,1,1,0,422.5589835943085,28.28664668756957,6.0,4518.0,4518.0,7.0,451.0,451.0,4512.0,444.0,4.0,20260407_110006_free_public_json_politics_new,2026-04-07T12:10:28.062557+00:00,20.0,9.0,11.0,20.0,11711.0,0.0,585.55,4827.0,0.0,20485.0,0.0,4827.0,0.0,30.0,11711.0,0.0,24.509908433832802,70.2545539382883,38.583760632788454,8,261,9,0,1,track_now,9,next_hour
politics,t3_1say3pg,Lawmakers vow to force Pam Bondi to testify despite ouster,https://www.reddit.com/r/politics/comments/1say3pg/lawmakers_vow_to_force_pam_bondi_to_testify/,https://www.axios.com/2026/04/02/pam-bondi-fired-democrats-congress-epstein-files,www.axios.com,plz-let-me-in,2026-04-03T00:04:01+00:00,20260403_010003_free_public_json_politics_new,2026-04-03T01:00:16.299448+00:00,20260403_140003_free_public_json_politics_new,2026-04-03T14:00:16.156043+00:00,20,12.999960165277777,new|rising,2,1,1,0,0,0,cooling|surging,1,new,new,88.0,surging,1,0,56.2549908,836.2526007166667,836.2526007166667,highest,subreddit_empirical,6.986741693078877,1.9999521572556027,123.88669149198891,15.019601842689994,1.996669613540964,0.9985262274335667,1,1,0,796.1315330923875,18.002974366410772,763.0,14463.0,14463.0,31.0,247.0,247.0,13700.0,216.0,6.0,20260403_130020_free_public_json_politics_rising,2026-04-03T13:02:52.530836+00:00,30.0,8.0,22.0,28.0,5903.0,0.0,196.76666666666668,2452.0,0.0,14660.0,0.0,2452.0,0.0,30.0,5903.0,0.0,23.903298799515348,70.82643438092674,38.3972838562433,18,262,10,0,1,track_now,10,next_hour
politics,t3_1sdolrf,60% of people helped by Los Angeles homeless project did not return to the streets: report,https://www.reddit.com/r/politics/comments/1sdolrf/60_of_people_helped_by_los_angeles_homeless/,https://www.independent.co.uk/news/world/americas/los-angeles-inside-safe-program-b2952227.html,www.independent.co.uk,ITheRebelI,2026-04-06T04:11:54+00:00,20260406_050002_free_public_json_politics_new,2026-04-06T05:00:15.968664+00:00,20260406_140003_free_public_json_politics_new,2026-04-06T14:00:21.403550+00:00,14,9.001509690555554,new|rising,2,1,1,0,0,0,cooling|surging,1,new,new,55.0,surging,1,0,48.3661444,588.4567258333334,588.4567258333334,highest,subreddit_empirical,6.986741693078877,1.9999521572556027,123.88669149198891,15.019601842689994,1.996669613540964,0.9985262274335667,1,1,0,698.6978304486627,32.938612006865526,183.0,5065.0,5065.0,21.0,273.0,273.0,4882.0,252.0,4.0,20260406_130019_free_public_json_politics_rising,2026-04-06T13:02:43.331131+00:00,30.0,13.0,17.0,29.0,1731.0,0.0,57.7,1160.0,0.0,1818.0,0.0,1160.0,0.0,30.0,1731.0,0.0,21.815929891925734,66.93771082997213,38.25852207707261,12,263,11,0,1,track_now,11,next_hour
politics,t3_1scp6zd,White House Forced to Address Claims of Trump Health Crisis,https://www.reddit.com/r/politics/comments/1scp6zd/white_house_forced_to_address_claims_of_trump/,https://www.thedailybeast.com/white-house-forced-to-address-claims-of-donald-trump-health-crisis-at-walter-reed-medical-center/,www.thedailybeast.com,Aggravating_Money992,2026-04-05T00:20:37+00:00,20260405_010003_free_public_json_politics_new,2026-04-05T01:00:19.689051+00:00,20260405_210019_free_public_json_politics_rising,2026-04-05T21:02:33.694514+00:00,30,20.037223739722222,new|rising,2,1,1,0,0,0,cooling|surging,1,new,rising,42.0,surging,1,0,39.71148418333333,1241.9449085666668,1241.9449085666668,highest,subreddit_empirical,6.986741693078877,1.9999521572556027,123.88669149198891,15.019601842689994,1.996669613540964,0.9985262274335667,1,1,0,205.2635624339099,13.517356550525774,1286.0,22039.0,22039.0,335.0,3222.0,3222.0,20753.0,2887.0,11.0,20260405_210019_free_public_json_politics_rising,2026-04-05T21:02:33.694514+00:00,30.0,14.0,16.0,28.0,59142.0,0.0,1971.4,8822.0,0.0,378352.0,0.0,8822.0,0.0,30.0,59142.0,0.0,27.794960526396082,81.3651050217004,37.86615758655738,28,264,12,0,1,track_now,12,next_hour
politics,t3_1saun8v,Is Pete Hegseth the Dumbest Man in the Trump Administration?,https://www.reddit.com/r/politics/comments/1saun8v/is_pete_hegseth_the_dumbest_man_in_the_trump/,https://www.thebulwark.com/p/is-pete-hegseth-the-dumbest-man-in,www.thebulwark.com,BulwarkOnline,2026-04-02T21:40:38+00:00,20260402_220003_free_public_json_politics_new,2026-04-02T22:00:12.834206+00:00,20260403_130020_free_public_json_politics_rising,2026-04-03T13:02:52.530836+00:00,23,15.044360175,new|rising,2,1,1,0,0,0,cooling|surging,1,new,rising,15.0,surging,1,0,19.5805701,922.2421806,922.2421806,highest,subreddit_empirical,6.986741693078877,1.9999521572556027,123.88669149198891,15.019601842689994,1.996669613540964,0.9985262274335667,1,1,0,313.9969863183559,19.530913024586727,244.0,10680.0,10680.0,71.0,867.0,867.0,10436.0,796.0,6.0,20260403_130020_free_public_json_politics_rising,2026-04-03T13:02:52.530836+00:00,30.0,10.0,20.0,30.0,8498.0,0.0,283.26666666666665,4231.0,0.0,24214.0,0.0,4231.0,0.0,30.0,8498.0,0.0,24.818689035943716,73.78496316149803,37.750141005302886,21,265,13,0,1,track_now,13,next_hour
politics,t3_1sdj19d,White House Melts Down for Second Day Over Trump Health Claims,https://www.reddit.com/r/politics/comments/1sdj19d/white_house_melts_down_for_second_day_over_trump/,https://www.thedailybeast.com/white-house-melts-down-for-second-day-over-trump-health-claims/,www.thedailybeast.com,FancyNewMe,2026-04-05T23:52:03+00:00,20260406_000002_free_public_json_politics_new,2026-04-06T00:00:20.706379+00:00,20260406_190019_free_public_json_politics_rising,2026-04-06T19:02:45.006458+00:00,27,19.040083355277776,new|rising,2,1,1,0,0,0,cooling|surging,2,new,rising,38.0,surging,1,0,8.295106316666667,1150.7001076333333,1150.7001076333333,highest,subreddit_empirical,6.986741693078877,1.9999521572556027,123.88669149198891,15.019601842689994,1.996669613540964,0.9985262274335667,1,1,0,188.97147311447486,15.456769568730135,18.0,14945.0,14945.0,10.0,1031.0,1031.0,14927.0,1021.0,10.0,20260406_190019_free_public_json_politics_rising,2026-04-06T19:02:45.006458+00:00,30.0,11.0,19.0,29.0,23717.0,0.0,790.5666666666667,6304.0,0.0,104782.0,0.0,6304.0,0.0,30.0,23717.0,0.0,26.402417455039593,76.15522066837038,37.010979982232286,25,266,14,0,1,track_now,14,next_hour
politics,t3_1sbo43a,Pentagon Good Friday Service Excluding Catholics Sparks Religious Bias Concerns Amid Broader Criticism Over Leadership Purge,https://www.reddit.com/r/politics/comments/1sbo43a/pentagon_good_friday_service_excluding_catholics/,https://www.latintimes.com/pentagon-good-friday-service-excluding-catholics-sparks-religious-bias-concerns-amid-broader-596355,www.latintimes.com,Zulmoka531,2026-04-03T20:00:55+00:00,20260403_210002_free_public_json_politics_new,2026-04-03T21:00:16.544684+00:00,20260404_170020_free_public_json_politics_rising,2026-04-04T17:02:23.898221+00:00,21,20.0353759825,new|rising,2,1,1,0,0,0,cooling|surging,2,new,rising,26.0,surging,1,0,59.35907806666667,1261.4816370166666,1261.4816370166666,highest,subreddit_empirical,6.986741693078877,1.9999521572556027,123.88669149198891,15.019601842689994,1.996669613540964,0.9985262274335667,1,1,0,226.47497407137038,15.567015956125237,537.0,11969.0,11969.0,106.0,1058.0,1058.0,11432.0,952.0,6.0,20260404_170020_free_public_json_politics_rising,2026-04-04T17:02:23.898221+00:00,30.0,10.0,20.0,29.0,13721.0,0.0,457.3666666666667,4036.0,0.0,63631.0,0.0,4036.0,0.0,30.0,13721.0,0.0,25.378924635701264,74.64717288074266,36.879757884576044,19,267,15,0,1,track_now,15,next_hour
technology,t3_1seun32,NIH Scientists Discover Powerful New Opioid That Relieves Pain Without Dangerous Side Effects,https://www.reddit.com/r/technology/comments/1seun32/nih_scientists_discover_powerful_new_opioid_that/,https://scitechdaily.com/nih-scientists-discover-powerful-new-opioid-that-relieves-pain-without-dangerous-side-effects/,scitechdaily.com,_Dark_Wing,2026-04-07T12:32:25+00:00,20260407_130007_free_public_json_technology_new,2026-04-07T13:00:11.487734+00:00,20260407_154228_free_public_json_technology_new,2026-04-07T15:42:30.725231+00:00,2,2.7053437491666665,new,1,1,0,0,0,0,cooling|surging,2,new,new,11.0,surging,1,0,27.77479556666667,190.09542051666668,190.09542051666668,highest,subreddit_empirical,6.004953357585392,1.4996657869821561,191.9385078071938,10.258633019716651,1.1916004280314278,0.7492035791115557,1,1,0,599.1844845962072,92.77933722001728,41.0,1662.0,1662.0,18.0,269.0,269.0,1621.0,251.0,2.0,20260407_154228_free_public_json_technology_new,2026-04-07T15:42:30.725231+00:00,20.0,8.0,12.0,20.0,3568.0,0.0,178.4,1394.0,0.0,3735.0,0.0,1394.0,0.0,20.0,3568.0,0.0,22.096004845735223,65.31056914193091,41.85792715701954,1,1088,1,1,1,track_now,1,next_hour
technology,t3_1se8qtu,It’s Not Just You: Six of 10 Drivers Say Headlight Glare Is a Problem,https://www.reddit.com/r/technology/comments/1se8qtu/its_not_just_you_six_of_10_drivers_say_headlight/,https://www.thedrive.com/news/its-not-just-you-six-of-10-drivers-say-headlight-glare-is-a-problem,www.thedrive.com,TripleShotPls,2026-04-06T19:24:24+00:00,20260406_200003_free_public_json_technology_new,2026-04-06T20:00:06.566152+00:00,20260407_154228_free_public_json_technology_new,2026-04-07T15:42:30.725231+00:00,30,19.70671085527778,new|rising,2,1,1,0,0,0,cooling|surging,1,new,new,60.0,surging,1,0,35.70943586666667,1218.1120871833334,1218.1120871833334,highest,subreddit_empirical,6.004953357585392,1.4996657869821561,191.9385078071938,10.258633019716651,1.1916004280314278,0.7492035791115557,1,1,0,542.260110365599,50.64051473761899,641.0,27005.0,27005.0,74.0,1608.0,1608.0,26364.0,1534.0,23.0,20260407_154228_free_public_json_technology_new,2026-04-07T15:42:30.725231+00:00,20.0,10.0,10.0,19.0,14492.0,0.0,724.6,3509.0,0.0,217125.0,0.0,3509.0,0.0,30.0,14492.0,0.0,24.519793262177906,78.87098780675434,40.76272637686628,28,1089,2,1,1,track_now,2,next_hour
technology,t3_1scyuod,Anthropic Leaked 512K Lines of Claude Code—But Everyone's Missing the Actual Story,https://www.reddit.com/r/technology/comments/1scyuod/anthropic_leaked_512k_lines_of_claude_codebut/,https://www.bloomberg.com/news/articles/2026-04-01/anthropic-accidentally-releases-source-code-for-claude-ai-agent,www.bloomberg.com,EvolvinAI29,2026-04-05T09:02:11+00:00,20260405_100003_free_public_json_technology_new,2026-04-05T10:00:06.870117+00:00,20260407_030002_free_public_json_technology_new,2026-04-07T03:00:05.973944+00:00,76,40.99975106305556,new,1,1,0,0,0,0,cooling|alive|surging|dying|dead,2,new,new,97.0,surging,1,0,57.93116861666667,2517.9162324,2517.9162324,highest,subreddit_empirical,6.004953357585392,1.4996657869821561,191.9385078071938,10.258633019716651,1.1916004280314278,0.7492035791115557,1,1,1,436469.4471387003,0.0,5.0,3.0,16.0,0.0,21.0,21.0,-2.0,21.0,39.0,20260407_030002_free_public_json_technology_new,2026-04-07T03:00:05.973944+00:00,17.0,5.0,12.0,12.0,132.0,0.0,7.764705882352941,88.0,0.0,3824.0,0.0,90.0,0.0,17.0,139.0,0.0,15.291956052440856,38.27677145084877,39.44378881952555,75,1090,3,1,1,track_now,3,next_hour
technology,t3_1sec3xx,“The problem is Sam Altman”: OpenAI Insiders don’t trust CEO,https://www.reddit.com/r/technology/comments/1sec3xx/the_problem_is_sam_altman_openai_insiders_dont/,https://arstechnica.com/tech-policy/2026/04/the-problem-is-sam-altman-openai-insiders-dont-trust-ceo/,arstechnica.com,MarvelsGrantMan136,2026-04-06T21:25:20+00:00,20260406_220003_free_public_json_technology_new,2026-04-06T22:00:06.327140+00:00,20260407_154228_free_public_json_technology_new,2026-04-07T15:42:30.725231+00:00,25,17.7067772475,new|rising,2,1,1,0,0,0,cooling|surging,1,new,new,52.0,surging,1,0,34.772118999999996,1097.17875385,1097.17875385,highest,subreddit_empirical,6.004953357585392,1.4996657869821561,191.9385078071938,10.258633019716651,1.1916004280314278,0.7492035791115557,1,1,0,483.1179033727593,14.785551748209926,428.0,14582.0,14582.0,44.0,452.0,452.0,14154.0,408.0,20.0,20260407_154228_free_public_json_technology_new,2026-04-07T15:42:30.725231+00:00,20.0,9.0,11.0,20.0,11129.0,0.0,556.45,4114.0,0.0,121059.0,0.0,4114.0,0.0,30.0,11129.0,0.0,24.331792275947475,72.376505023088,37.30425578894574,23,1091,4,1,1,track_now,4,next_hour
technology,t3_1segtis,"PRESS RELEASE Kincaid Calls on Congress to Act as Oracle Files 3,000+ H-1B Petitions While Cutting American Jobs",https://www.reddit.com/r/technology/comments/1segtis/press_release_kincaid_calls_on_congress_to_act_as/,https://www.kincaidforcongress.com/2026/04/press-release-kincaid-calls-on-congress.html,www.kincaidforcongress.com,duckduckew,2026-04-07T00:36:10+00:00,20260407_010003_free_public_json_technology_new,2026-04-07T01:00:06.338305+00:00,20260407_020003_free_public_json_technology_new,2026-04-07T02:00:08.112294+00:00,2,1.000492774722222,new,1,1,0,0,0,0,cooling|surging,2,new,new,5.0,surging,1,0,23.93897175,83.96853823333332,83.96853823333332,highest,subreddit_empirical,6.004953357585392,1.4996657869821561,191.9385078071938,10.258633019716651,1.1916004280314278,0.7492035791115557,1,1,0,596.7059583871076,39.98029871940419,13.0,610.0,610.0,1.0,41.0,41.0,597.0,40.0,1.0,20260407_020003_free_public_json_technology_new,2026-04-07T02:00:08.112294+00:00,20.0,10.0,10.0,19.0,297.0,0.0,14.85,129.0,0.0,297.0,0.0,129.0,0.0,20.0,297.0,0.0,17.163081619242632,52.07208904646963,37.18956103701954,1,1092,5,1,1,track_now,5,next_hour
technology,t3_1scgw7u,Iranian missile blitz takes down AWS data centers in Bahrain and Dubai — Amazon reportedly declares “hard down” status for multiple zones,https://www.reddit.com/r/technology/comments/1scgw7u/iranian_missile_blitz_takes_down_aws_data_centers/,https://www.tomshardware.com/tech-industry/iranian-missile-blitz-takes-down-aws-data-centers-in-bahrain-and-dubai-amazon-declares-hard-down-status-for-multiple-zones,www.tomshardware.com,lurker_bee,2026-04-04T18:32:58+00:00,20260404_190003_free_public_json_technology_new,2026-04-04T19:00:08.342508+00:00,20260406_210004_free_public_json_technology_new,2026-04-06T21:00:07.821207+00:00,112,49.99985519416666,new|rising|hot,3,1,1,1,0,0,cooling|surging|dying|alive|dead,1,new,new,98.0,surging,1,0,27.172375133333333,3027.1636867833336,3027.1636867833336,highest,subreddit_empirical,6.004953357585392,1.4996657869821561,191.9385078071938,10.258633019716651,1.1916004280314278,0.7492035791115557,1,1,1,4699.947517252724,0.0,801.0,29155.0,29155.0,94.0,1661.0,1661.0,28354.0,1567.0,66.0,20260406_210004_free_public_json_technology_new,2026-04-06T21:00:07.821207+00:00,20.0,8.0,12.0,20.0,34306.0,0.0,1715.3,9232.0,0.0,2026717.0,0.0,9234.0,0.0,50.0,36955.0,0.0,26.361062346216844,78.7572154855203,35.91457558907653,108,1093,6,0,1,track_now,6,next_hour
technology,t3_1sagi97,"AI server farms heat up the neighborhood for miles around, paper finds",https://www.reddit.com/r/technology/comments/1sagi97/ai_server_farms_heat_up_the_neighborhood_for/,https://www.theregister.com/2026/04/01/ai_datacenter_heat_islands/,www.theregister.com,Silly-avocatoe,2026-04-02T12:50:32+00:00,20260402_130002_free_public_json_technology_new,2026-04-02T13:00:05.415368+00:00,20260402_150021_free_public_json_technology_rising,2026-04-02T15:00:23.700832+00:00,8,2.0050792955555554,new|rising,2,1,1,0,0,0,cooling|surging,1,new,rising,1.0,surging,1,0,9.556922799999999,129.86168053333333,129.86168053333333,highest,subreddit_empirical,6.004953357585392,1.4996657869821561,191.9385078071938,10.258633019716651,1.1916004280314278,0.7492035791115557,1,1,0,163.17052012199,41.13542524083781,3.0,285.0,285.0,1.0,68.0,68.0,282.0,67.0,5.0,20260402_150021_free_public_json_technology_rising,2026-04-02T15:00:23.700832+00:00,28.0,16.0,12.0,23.0,155.0,0.0,5.535714285714286,40.0,0.0,203.0,0.0,40.0,0.0,28.0,155.0,0.0,16.065316699414332,49.43239355344654,34.94726323393347,5,1094,7,0,1,track_now,7,next_hour
technology,t3_1scilqq,Companies Are Laying Off Workers Because of AI’s Potential—Not Its Performance,https://www.reddit.com/r/technology/comments/1scilqq/companies_are_laying_off_workers_because_of_ais/,https://hbr.org/2026/01/companies-are-laying-off-workers-because-of-ais-potential-not-its-performance,hbr.org,wendhelmacedo,2026-04-04T19:40:52+00:00,20260404_200004_free_public_json_technology_new,2026-04-04T20:00:07.281865+00:00,20260405_010024_free_public_json_technology_rising,2026-04-05T01:00:26.652714+00:00,14,5.005380791388888,new|rising|hot,3,1,1,1,0,0,cooling|surging|alive,1,new,rising,1.0,surging,1,0,19.25469775,319.57754523333335,319.57754523333335,highest,subreddit_empirical,6.004953357585392,1.4996657869821561,191.9385078071938,10.258633019716651,1.1916004280314278,0.7492035791115557,1,1,0,172.47571906577613,12.906346324649915,25.0,877.0,877.0,7.0,104.0,104.0,852.0,97.0,8.0,20260405_010024_free_public_json_technology_rising,2026-04-05T01:00:26.652714+00:00,30.0,17.0,13.0,26.0,892.0,0.0,29.733333333333334,333.0,0.0,4917.0,0.0,333.0,0.0,47.0,892.0,0.0,19.987799075009214,56.150004719278655,34.36583344086526,11,1095,8,0,1,track_now,8,next_hour
technology,t3_1scbh0f,Maine Is About to Become the First State to Ban New Data Centers,https://www.reddit.com/r/technology/comments/1scbh0f/maine_is_about_to_become_the_first_state_to_ban/,https://www.wsj.com/us-news/maine-data-center-ban-e768fb18,www.wsj.com,Just-Grocery-2229,2026-04-04T15:01:27+00:00,20260404_160003_free_public_json_technology_new,2026-04-04T16:00:06.782707+00:00,20260406_190005_free_public_json_technology_new,2026-04-06T19:00:08.643178+00:00,114,51.0005167975,new|rising|hot,3,1,1,1,0,0,cooling|surging|dying|alive|dead,1,new,new,96.0,surging,1,0,58.663045116666666,3118.6940529666667,3118.6940529666667,highest,subreddit_empirical,6.004953357585392,1.4996657869821561,191.9385078071938,10.258633019716651,1.1916004280314278,0.7492035791115557,1,1,1,6892.999584505303,0.0,1422.0,21633.0,21633.0,106.0,668.0,668.0,20211.0,562.0,67.0,20260406_190005_free_public_json_technology_new,2026-04-06T19:00:08.643178+00:00,20.0,5.0,15.0,19.0,4004.0,0.0,200.2,1127.0,0.0,222135.0,0.0,1132.0,0.0,50.0,4132.0,0.0,22.0563114715395,71.3899628198417,34.31918892898832,110,1096,9,0,1,track_now,9,next_hour
technology,t3_1sbl3vk,Dodge CEO Asks 'Do You Need a Radio' in 'Back-to-Basics' Quest for Entry-Level Cars,https://www.reddit.com/r/technology/comments/1sbl3vk/dodge_ceo_asks_do_you_need_a_radio_in/,https://www.thedrive.com/news/dodge-ceo-asks-do-you-need-a-radio-in-back-to-basics-quest-for-entry-level-cars,www.thedrive.com,TripleShotPls,2026-04-03T18:09:04+00:00,20260403_190003_free_public_json_technology_new,2026-04-03T19:00:05.484494+00:00,20260405_210006_free_public_json_technology_new,2026-04-05T21:00:10.326978+00:00,89,50.00134513444444,new|rising|hot,3,1,1,1,0,0,cooling|surging|alive|dying|dead,3,new,new,99.0,surging,1,0,51.02474156666666,3051.105449633333,3051.105449633333,highest,subreddit_empirical,6.004953357585392,1.4996657869821561,191.9385078071938,10.258633019716651,1.1916004280314278,0.7492035791115557,1,1,1,4749.785270124246,0.0,69.0,1440.0,1440.0,100.0,660.0,660.0,1371.0,560.0,56.0,20260405_210006_free_public_json_technology_new,2026-04-05T21:00:10.326978+00:00,20.0,11.0,9.0,20.0,6918.0,0.0,345.9,1857.0,0.0,324946.0,0.0,1858.0,0.0,50.0,7612.0,0.0,23.157587398972655,65.41680240380822,34.13606810214192,84,1097,10,0,1,track_now,10,next_hour
technology,t3_1sc5ew6,The 5-Minute Rule: Why Your 'Toilet Scroll' Is Increasing Your Haemorrhoid Risk By 46%,https://www.reddit.com/r/technology/comments/1sc5ew6/the_5minute_rule_why_your_toilet_scroll_is/,https://www.ndtv.com/health/the-5-minute-rule-why-your-toilet-scroll-is-increasing-your-haemorrhoid-risk-by-46-11189304,www.ndtv.com,gdelacalle,2026-04-04T10:06:09+00:00,20260404_110003_free_public_json_technology_new,2026-04-04T11:00:07.587815+00:00,20260406_170006_free_public_json_technology_new,2026-04-06T17:00:08.655351+00:00,113,54.00029653777777,new|rising|hot,3,1,1,1,0,0,cooling|surging|alive|dying|dead,1,new,new,100.0,surging,1,0,53.976463583333334,3293.9942558499997,3293.9942558499997,highest,subreddit_empirical,6.004953357585392,1.4996657869821561,191.9385078071938,10.258633019716651,1.1916004280314278,0.7492035791115557,1,1,1,3563.9224134090596,0.0,113.0,5865.0,5865.0,37.0,526.0,526.0,5752.0,489.0,66.0,20260406_170006_free_public_json_technology_new,2026-04-06T17:00:08.655351+00:00,20.0,5.0,15.0,18.0,11752.0,0.0,587.6,3382.0,0.0,662422.0,0.0,3382.0,0.0,50.0,12267.0,0.0,24.17540767263711,69.23276164704137,33.99742648735026,108,1098,11,0,1,track_now,11,next_hour
technology,t3_1sbunln,AI local news network shuts down after plagiarism found,https://www.reddit.com/r/technology/comments/1sbunln/ai_local_news_network_shuts_down_after_plagiarism/,https://www.axios.com/local/richmond/2026/04/03/nota-ai-news-sites-shut-down-plagiarism,www.axios.com,aacool,2026-04-04T00:27:36+00:00,20260404_010003_free_public_json_technology_new,2026-04-04T01:00:07.036703+00:00,20260406_090003_free_public_json_technology_new,2026-04-06T09:00:06.365198+00:00,96,55.99981347083333,new|hot,2,1,0,1,0,0,cooling|alive|surging|dying|dead,2,new,new,99.0,surging,1,0,32.517278383333334,3392.506086633334,3392.506086633334,highest,subreddit_empirical,6.004953357585392,1.4996657869821561,191.9385078071938,10.258633019716651,1.1916004280314278,0.7492035791115557,1,1,1,51801.244381003904,0.0,3.0,53.0,54.0,1.0,8.0,8.0,50.0,7.0,52.0,20260406_090002_free_public_json_technology_new,2026-04-06T09:00:06.017716+00:00,7.0,7.0,0.0,7.0,106.0,0.0,15.142857142857142,49.0,0.0,4856.0,0.0,50.0,0.0,7.0,111.0,0.0,13.19378266523516,37.62370409949601,33.976802902594535,93,1099,12,0,1,track_now,12,next_hour
technology,t3_1sblp8s,Colorado’s New Speed Camera System Makes Waze Nearly Useless,https://www.reddit.com/r/technology/comments/1sblp8s/colorados_new_speed_camera_system_makes_waze/,https://www.motor1.com/news/792050/colorado-automated-speed-limit-cameras/,www.motor1.com,DonkeyFuel,2026-04-03T18:30:59+00:00,20260403_190003_free_public_json_technology_new,2026-04-03T19:00:05.484494+00:00,20260405_210006_free_public_json_technology_new,2026-04-05T21:00:10.326978+00:00,91,50.00134513444444,new|rising|hot,3,1,1,1,0,0,cooling|surging|alive|dying|dead,2,new,new,98.0,surging,1,0,29.108074900000002,3029.1887829666666,3029.1887829666666,highest,subreddit_empirical,6.004953357585392,1.4996657869821561,191.9385078071938,10.258633019716651,1.1916004280314278,0.7492035791115557,1,1,1,3166.5235134161644,0.0,22.0,2488.0,2488.0,21.0,723.0,723.0,2466.0,702.0,58.0,20260405_210006_free_public_json_technology_new,2026-04-05T21:00:10.326978+00:00,20.0,6.0,14.0,19.0,7364.0,0.0,368.2,2030.0,0.0,364152.0,0.0,2034.0,0.0,50.0,8897.0,0.0,23.258204367546135,66.9935400148386,33.25261596432043,86,1100,13,0,1,track_now,13,next_hour
technology,t3_1sbbz8b,"TSMC reportedly plans to build 12 fabs, four packaging facilities in Arizona — plan purportedly part of Taiwan's agreed $500 million investment in the US",https://www.reddit.com/r/technology/comments/1sbbz8b/tsmc_reportedly_plans_to_build_12_fabs_four/,https://www.tomshardware.com/tech-industry/semiconductors/tsmc-reportedly-plans-to-build-12-fabs-four-packaging-facilities-in-arizona-plan-purportedly-part-of-taiwans-agreed-usd500-million-investment-in-the-us,www.tomshardware.com,Logical_Welder3467,2026-04-03T12:17:09+00:00,20260403_130003_free_public_json_technology_new,2026-04-03T13:00:06.856972+00:00,20260405_030006_free_public_json_technology_new,2026-04-05T03:00:08.757878+00:00,65,38.000528029444446,new|rising|hot,3,1,1,1,0,0,cooling|alive|surging|dying|dead,3,new,new,100.0,surging,1,0,42.964282866666665,2322.995964633333,2322.995964633333,highest,subreddit_empirical,6.004953357585392,1.4996657869821561,191.9385078071938,10.258633019716651,1.1916004280314278,0.7492035791115557,1,1,1,13548.40803853393,0.0,7.0,305.0,309.0,0.0,67.0,67.0,298.0,67.0,44.0,20260405_030006_free_public_json_technology_new,2026-04-05T03:00:08.757878+00:00,20.0,5.0,15.0,18.0,412.0,0.0,20.6,130.0,0.0,13072.0,0.0,130.0,0.0,48.0,484.0,0.0,17.546542003608053,50.85579333772139,33.234659527711116,61,1101,14,0,1,track_now,14,next_hour
technology,t3_1scbrtb,NASA's 1977 computers aboard Voyager are still working in interstellar space,https://www.reddit.com/r/technology/comments/1scbrtb/nasas_1977_computers_aboard_voyager_are_still/,https://www.popsci.com/science/nasa-voyager-computers-video/,www.popsci.com,Scary_Statement4612,2026-04-04T15:13:30+00:00,20260404_160003_free_public_json_technology_new,2026-04-04T16:00:06.782707+00:00,20260406_190005_free_public_json_technology_new,2026-04-06T19:00:08.643178+00:00,106,51.0005167975,new|rising|hot,3,1,1,1,0,0,cooling|alive|surging|dying|dead,1,new,new,95.0,surging,1,0,46.61304511666666,3106.6440529666665,3106.6440529666665,highest,subreddit_empirical,6.004953357585392,1.4996657869821561,191.9385078071938,10.258633019716651,1.1916004280314278,0.7492035791115557,1,1,1,8271.599501406363,0.0,16.0,1031.0,1031.0,5.0,66.0,67.0,1015.0,61.0,59.0,20260406_190005_free_public_json_technology_new,2026-04-06T19:00:08.643178+00:00,20.0,7.0,13.0,18.0,983.0,0.0,49.15,256.0,0.0,42363.0,0.0,257.0,0.0,39.0,991.0,0.0,19.149607382130966,54.98974033532015,33.10641222130948,102,1102,15,0,1,track_now,15,next_hour
worldnews,t3_1sc8c4q,"Misogyny among male pupils a 'ticking time bomb' in UK schools, warns union",https://www.reddit.com/r/worldnews/comments/1sc8c4q/misogyny_among_male_pupils_a_ticking_time_bomb_in/,https://www.itv.com/news/2026-04-04/misogyny-among-pupils-a-ticking-time-bomb-in-uk-schools-warns-union,www.itv.com,Kagedeah,2026-04-04T12:46:00+00:00,20260404_130003_free_public_json_worldnews_new,2026-04-04T13:00:16.102554+00:00,20260404_150003_free_public_json_worldnews_new,2026-04-04T15:12:22.873958+00:00,5,2.2018809455555557,new|rising,2,1,1,0,0,0,cooling|surging,2,new,new,12.0,surging,1,0,14.2683759,146.38123263333333,146.38123263333333,highest,subreddit_empirical,8.000969747583024,2.5032447312475252,104.75105764806548,19.173961006151714,1.9997838939090002,0.9987910325381589,1,1,0,1762.1719923106255,595.1505637441975,19.0,3184.0,3184.0,15.0,1297.0,1297.0,3165.0,1282.0,4.0,20260404_150003_free_public_json_worldnews_new,2026-04-04T15:12:22.873958+00:00,20.0,4.0,16.0,20.0,4173.0,0.0,208.65,1476.0,0.0,8528.0,0.0,1476.0,0.0,30.0,4315.0,0.0,22.339554030919444,74.21185850636556,49.060047768878384,3,1269,1,1,1,track_now,1,next_hour
worldnews,t3_1sbdrpv,US F-15E pilot likely captured by Iranian forces,https://www.reddit.com/r/worldnews/comments/1sbdrpv/us_f15e_pilot_likely_captured_by_iranian_forces/,https://www.turkiyetoday.com/region/us-f-15e-pilot-likely-captured-by-iranian-forces-local-media-3217422,www.turkiyetoday.com,razdvatri4,2026-04-03T13:34:19+00:00,20260403_140003_free_public_json_worldnews_new,2026-04-03T14:00:12.878691+00:00,20260403_140004_free_public_json_worldnews_new,2026-04-03T14:13:13.671999+00:00,2,0.21688703,new,1,1,0,0,0,0,cooling|surging,4,new,new,6.0,surging,1,0,25.897978183333333,38.91119998333333,38.91119998333333,highest,subreddit_empirical,8.000969747583024,2.5032447312475252,104.75105764806548,19.173961006151714,1.9997838939090002,0.9987910325381589,1,1,0,7367.891016811839,1078.902689570695,1619.0,3217.0,3217.0,348.0,582.0,582.0,1598.0,234.0,1.0,20260403_140004_free_public_json_worldnews_new,2026-04-03T14:13:13.671999+00:00,20.0,6.0,14.0,20.0,20.0,0.0,1.0,1.0,0.0,20.0,0.0,1.0,0.0,20.0,20.0,0.0,10.8365793146516,60.63177379733816,48.514916637561974,1,1270,2,1,1,track_now,2,next_hour
worldnews,t3_1scri1r,U.S. Pilot Missing In Iran For Hours Reportedly Recovered In Daring Operation,https://www.reddit.com/r/worldnews/comments/1scri1r/us_pilot_missing_in_iran_for_hours_reportedly/,https://thekenyatimes.com/geo-politics/pilot-missing-in-iran/,thekenyatimes.com,skippybosco,2026-04-05T02:11:38+00:00,20260405_020006_free_public_json_worldnews_new,2026-04-05T02:13:06.060311+00:00,20260405_040003_free_public_json_worldnews_new,2026-04-05T04:12:26.369694+00:00,5,1.988974828611111,new|rising,2,1,1,0,0,0,cooling|surging|emerging,1,new,new,8.0,surging,1,0,1.46767185,120.80616156666666,120.80616156666666,highest,subreddit_empirical,8.000969747583024,2.5032447312475252,104.75105764806548,19.173961006151714,1.9997838939090002,0.9987910325381589,1,1,0,1968.7419667036463,202.6201409664275,2.0,4437.0,4437.0,1.0,522.0,522.0,4435.0,521.0,4.0,20260405_040003_free_public_json_worldnews_new,2026-04-05T04:12:26.369694+00:00,20.0,7.0,13.0,19.0,6914.0,0.0,345.7,2187.0,0.0,6965.0,0.0,2187.0,0.0,30.0,6914.0,0.0,23.226988903274524,72.50498306556628,47.26188831701923,3,1271,3,1,1,track_now,3,next_hour
worldnews,t3_1set0va,"Reports in Iran: Explosions on Kharg 'Oil Island,' bridge attacked near Qom",https://www.reddit.com/r/worldnews/comments/1set0va/reports_in_iran_explosions_on_kharg_oil_island/,https://www.ynetnews.com/article/i4rwg9g40,www.ynetnews.com,Melodic_Wafer_492,2026-04-07T11:16:33+00:00,20260407_110006_free_public_json_worldnews_new,2026-04-07T11:45:18.698063+00:00,20260407_130007_free_public_json_worldnews_new,2026-04-07T13:12:44.353525+00:00,2,1.457126517222222,new,1,1,0,0,0,0,cooling|surging,3,new,new,17.0,surging,1,0,28.761634383333334,116.18922541666667,116.18922541666667,highest,subreddit_empirical,8.000969747583024,2.5032447312475252,104.75105764806548,19.173961006151714,1.9997838939090002,0.9987910325381589,1,1,0,1798.059378532627,247.06159399684952,339.0,2959.0,2959.0,75.0,435.0,435.0,2620.0,360.0,2.0,20260407_130007_free_public_json_worldnews_new,2026-04-07T13:12:44.353525+00:00,20.0,12.0,8.0,20.0,5950.0,0.0,297.5,1342.0,0.0,5970.0,0.0,1342.0,0.0,20.0,5950.0,0.0,22.734068873923764,70.30648271182064,47.23030937301939,1,1272,4,1,1,track_now,4,next_hour
worldnews,t3_1scfdjy,US military jets hit in Iran war are the first shot down by enemy fire in more than 20 years,https://www.reddit.com/r/worldnews/comments/1scfdjy/us_military_jets_hit_in_iran_war_are_the_first/,https://www.politico.com/news/2026/04/04/us-military-jets-hit-in-iran-war-are-the-first-shot-down-by-enemy-fire-in-over-20-years-00859175,www.politico.com,Neptun_11,2026-04-04T17:34:37+00:00,20260404_180003_free_public_json_worldnews_new,2026-04-04T18:00:13.779529+00:00,20260404_210022_free_public_json_worldnews_rising,2026-04-04T21:02:12.952515+00:00,9,3.033103607222222,new|rising,2,1,1,0,0,0,cooling|surging,1,new,rising,3.0,surging,1,0,25.61299215,207.59920858333334,207.59920858333334,highest,subreddit_empirical,8.000969747583024,2.5032447312475252,104.75105764806548,19.173961006151714,1.9997838939090002,0.9987910325381589,1,1,0,2141.2552830604227,105.11979169980204,199.0,6271.0,6271.0,29.0,322.0,322.0,6072.0,293.0,5.0,20260404_210022_free_public_json_worldnews_rising,2026-04-04T21:02:12.952515+00:00,30.0,11.0,19.0,29.0,4760.0,0.0,158.66666666666666,1400.0,0.0,8591.0,0.0,1400.0,0.0,30.0,4760.0,0.0,23.261998283266895,71.38582368877066,46.6113544629917,7,1273,5,1,1,track_now,5,next_hour
worldnews,t3_1seobcn,PAKISTAN Pakistan’s Constitutional Court upholds marriage between Muslim man and 13-year-old Christian girl,https://www.reddit.com/r/worldnews/comments/1seobcn/pakistan_pakistans_constitutional_court_upholds/,https://www.asianews.it/news-en/Pakistan%E2%80%99s-Constitutional-Court-upholds-marriage-between-Muslim-man-and-13-year-old-Christian-girl-65151.html,www.asianews.it,Live_Archer123,2026-04-07T06:40:13+00:00,20260407_070003_free_public_json_worldnews_new,2026-04-07T07:12:14.299157+00:00,20260407_130007_free_public_json_worldnews_new,2026-04-07T13:12:44.353525+00:00,6,6.008348435555556,new,1,1,0,0,0,0,cooling|surging,2,new,new,40.0,surging,1,0,32.021652616666664,392.52255875,392.52255875,highest,subreddit_empirical,8.000969747583024,2.5032447312475252,104.75105764806548,19.173961006151714,1.9997838939090002,0.9987910325381589,1,1,0,1646.3910111067833,150.98208522029694,148.0,9162.0,9162.0,54.0,1202.0,1202.0,9014.0,1148.0,5.0,20260407_130007_free_public_json_worldnews_new,2026-04-07T13:12:44.353525+00:00,20.0,11.0,9.0,20.0,17062.0,0.0,853.1,4829.0,0.0,37647.0,0.0,4829.0,0.0,20.0,17062.0,0.0,24.999386294057267,77.8391758949072,46.23849238841904,5,1274,6,0,1,track_now,6,next_hour
worldnews,t3_1sd2hak,"""Open The F*cking Strait, You Crazy Bast*rds"": Trump's Expletive-Laden Warning To Iran",https://www.reddit.com/r/worldnews/comments/1sd2hak/open_the_fcking_strait_you_crazy_bastrds_trumps/,https://www.ndtv.com/world-news/open-the-f-cking-strait-you-crazy-bast-rds-trumps-expletive-laden-warning-to-iran-11314327,www.ndtv.com,heisthemaincharacter,2026-04-05T12:33:50+00:00,20260405_130004_free_public_json_worldnews_new,2026-04-05T13:00:16.965571+00:00,20260405_130008_free_public_json_worldnews_new,2026-04-05T13:12:19.631699+00:00,3,0.2007405911111111,new|rising,2,1,1,0,0,0,cooling|emerging|surging,1,new,new,5.0,surging,1,0,26.449426183333333,38.49386165,38.49386165,highest,subreddit_empirical,8.000969747583024,2.5032447312475252,104.75105764806548,19.173961006151714,1.9997838939090002,0.9987910325381589,1,1,0,2894.2826001663666,632.6572981430784,687.0,1268.0,1268.0,265.0,392.0,392.0,581.0,127.0,2.0,20260405_130008_free_public_json_worldnews_new,2026-04-05T13:12:19.631699+00:00,20.0,12.0,8.0,20.0,20.0,0.0,1.0,1.0,0.0,50.0,0.0,1.0,0.0,30.0,30.0,0.0,10.8365793146516,55.64553380384831,45.14406501684942,1,1275,7,0,1,track_now,7,next_hour
worldnews,t3_1sb5fn3,The first French ship has crossed the Strait of Hormuz via the maritime corridor established by Iran,https://www.reddit.com/r/worldnews/comments/1sb5fn3/the_first_french_ship_has_crossed_the_strait_of/,https://lemarin.ouest-france.fr/shipping/info-le-marin-un-premier-navire-francais-traverse-le-detroit-dormuz-via-le-corridor-maritime-impose-par-liran-04ae7118-2e98-11f1-907e-c89d90e05bfb,lemarin.ouest-france.fr,PestoBolloElemento,2026-04-03T06:03:24+00:00,20260403_060002_free_public_json_worldnews_new,2026-04-03T06:12:58.582819+00:00,20260403_100002_free_public_json_worldnews_new,2026-04-03T10:13:11.786973+00:00,10,4.003667820555555,new|rising,2,1,1,0,0,0,cooling|surging,1,new,new,22.0,surging,1,0,9.576380316666667,249.79644955,249.79644955,highest,subreddit_empirical,8.000969747583024,2.5032447312475252,104.75105764806548,19.173961006151714,1.9997838939090002,0.9987910325381589,1,1,0,1310.4847010191193,129.202717001885,16.0,3585.0,3585.0,4.0,381.0,381.0,3569.0,377.0,6.0,20260403_100002_free_public_json_worldnews_new,2026-04-03T10:13:11.786973+00:00,20.0,7.0,13.0,18.0,7995.0,0.0,399.75,2318.0,0.0,21549.0,0.0,2318.0,0.0,30.0,7995.0,0.0,23.410351646903152,70.52114279653104,45.099493625131664,8,1276,8,0,1,track_now,8,next_hour
worldnews,t3_1sdtjnm,"Iran’s top university bombed as US, Israel intensify attacks; 34 killed | US-Israel war on Iran News",https://www.reddit.com/r/worldnews/comments/1sdtjnm/irans_top_university_bombed_as_us_israel/,https://www.aljazeera.com/news/2026/4/6/irans-top-university-bombed-as-us-israel-intensify-attacks-34-killed,www.aljazeera.com,Wise-Climate-3839,2026-04-06T09:00:11+00:00,20260406_090002_free_public_json_worldnews_new,2026-04-06T09:12:46.129049+00:00,20260406_120007_free_public_json_worldnews_new,2026-04-06T12:12:20.365880+00:00,7,2.992843564166667,new|rising,2,1,1,0,0,0,cooling|surging,1,new,new,12.0,surging,1,0,12.585484150000001,192.156098,192.156098,highest,subreddit_empirical,8.000969747583024,2.5032447312475252,104.75105764806548,19.173961006151714,1.9997838939090002,0.9987910325381589,1,1,0,1182.6889374856194,143.50618906729272,24.0,2981.0,2981.0,9.0,426.0,426.0,2957.0,417.0,4.0,20260406_120007_free_public_json_worldnews_new,2026-04-06T12:12:20.365880+00:00,20.0,9.0,11.0,20.0,5971.0,0.0,298.55,1188.0,0.0,8874.0,0.0,1188.0,0.0,30.0,5971.0,0.0,22.65339295315954,69.61050502127779,45.023526401570095,5,1277,9,0,1,track_now,9,next_hour
worldnews,t3_1se6h4r,NASA’s Artemis II astronauts are officially farther from Earth than any human has gone before,https://www.reddit.com/r/worldnews/comments/1se6h4r/nasas_artemis_ii_astronauts_are_officially/,https://www.scientificamerican.com/article/nasas-artemis-ii-astronauts-break-apollos-distance-record/,www.scientificamerican.com,OkFerret7206,2026-04-06T18:04:11+00:00,20260406_180004_free_public_json_worldnews_new,2026-04-06T18:12:24.442012+00:00,20260406_210004_free_public_json_worldnews_new,2026-04-06T21:12:58.250103+00:00,8,3.009391136388889,new|rising,2,1,1,0,0,0,cooling|surging,1,new,new,18.0,surging,1,0,8.224033533333333,188.78750171666667,188.78750171666667,highest,subreddit_empirical,8.000969747583024,2.5032447312475252,104.75105764806548,19.173961006151714,1.9997838939090002,0.9987910325381589,1,1,0,2170.5896091138084,79.69767463268842,125.0,8885.0,8885.0,9.0,448.0,448.0,8760.0,439.0,5.0,20260406_210004_free_public_json_worldnews_new,2026-04-06T21:12:58.250103+00:00,20.0,8.0,12.0,20.0,4299.0,0.0,214.95,1865.0,0.0,11585.0,0.0,1865.0,0.0,30.0,4299.0,0.0,22.54186517839044,72.26224928988884,44.46850558131284,6,1278,10,0,1,track_now,10,next_hour
worldnews,t3_1sat7ml,SecDef Hegseth has asked Army Chief of Staff Randy George to step down.,https://www.reddit.com/r/worldnews/comments/1sat7ml/secdef_hegseth_has_asked_army_chief_of_staff/,https://www.cbsnews.com/news/hegseth-ousts-army-chief-of-staff-gen-randy-george/#amp_tf=From%20%251%24s&aoh=17751625946274&referrer=https%3A%2F%2Fwww.google.com&share=https%3A%2F%2Fwww.cbsnews.com%2Fnews%2Fhegseth-ousts-army-chief-of-staff-gen-randy-george%2F,www.cbsnews.com,Enterprise-NCC1701-D,2026-04-02T20:45:34+00:00,20260402_210002_free_public_json_worldnews_new,2026-04-02T21:00:10.093396+00:00,20260402_220004_free_public_json_worldnews_new,2026-04-02T22:12:43.719969+00:00,4,1.2093407147222222,new,1,1,0,0,0,0,cooling|surging,3,new,new,9.0,surging,1,0,14.6015566,87.16199948333333,87.16199948333333,highest,subreddit_empirical,8.000969747583024,2.5032447312475252,104.75105764806548,19.173961006151714,1.9997838939090002,0.9987910325381589,1,1,0,4612.574633937135,406.2889573934264,41.0,4861.0,4861.0,18.0,664.0,664.0,4820.0,646.0,2.0,20260402_220004_free_public_json_worldnews_new,2026-04-02T22:12:43.719969+00:00,20.0,9.0,11.0,20.0,20.0,0.0,1.0,1.0,0.0,40.0,0.0,1.0,0.0,20.0,20.0,0.0,10.8365793146516,62.329293388275005,44.39633107230138,3,1279,11,0,1,track_now,11,next_hour
worldnews,t3_1sensp2,JD Vance due in Hungary to back Orban's re-election bid,https://www.reddit.com/r/worldnews/comments/1sensp2/jd_vance_due_in_hungary_to_back_orbans_reelection/,https://www.bbc.co.uk/news/articles/cyv16lq2rp1o,www.bbc.co.uk,CrownCommando,2026-04-07T06:10:01+00:00,20260407_060005_free_public_json_worldnews_new,2026-04-07T06:12:04.679523+00:00,20260407_130007_free_public_json_worldnews_new,2026-04-07T13:12:44.353525+00:00,8,7.011020556111111,new|rising,2,1,1,0,0,0,cooling|emerging|surging,1,new,new,42.0,surging,1,0,2.0613253833333336,422.72255874999996,422.72255874999996,highest,subreddit_empirical,8.000969747583024,2.5032447312475252,104.75105764806548,19.173961006151714,1.9997838939090002,0.9987910325381589,1,1,0,1075.4042160918423,69.31450276022723,2.0,6689.0,6689.0,1.0,658.0,658.0,6687.0,657.0,7.0,20260407_130007_free_public_json_worldnews_new,2026-04-07T13:12:44.353525+00:00,20.0,10.0,10.0,20.0,21839.0,0.0,1091.95,5525.0,0.0,55811.0,0.0,5525.0,0.0,30.0,21839.0,0.0,25.414498731874037,74.79648884022993,43.62458148896952,6,1280,12,0,1,track_now,12,next_hour
worldnews,t3_1sbv5oh,Macron urges world to unite against US dominance,https://www.reddit.com/r/worldnews/comments/1sbv5oh/macron_urges_world_to_unite_against_us_dominance/,https://newsukraine.rbc.ua/news/macron-urges-world-to-unite-against-us-dominance-1775218179.html,newsukraine.rbc.ua,jackytheblade,2026-04-04T00:50:55+00:00,20260404_010003_free_public_json_worldnews_new,2026-04-04T01:00:13.507219+00:00,20260404_010005_free_public_json_worldnews_new,2026-04-04T01:12:20.766057+00:00,3,0.2020163438888889,new|rising,2,1,1,0,0,0,cooling|emerging|surging,2,new,new,2.0,surging,1,0,9.308453649999999,21.429434283333332,21.429434283333332,highest,subreddit_empirical,8.000969747583024,2.5032447312475252,104.75105764806548,19.173961006151714,1.9997838939090002,0.9987910325381589,1,1,0,2638.4003875110006,306.9058612114109,76.0,609.0,609.0,17.0,79.0,79.0,533.0,62.0,2.0,20260404_010005_free_public_json_worldnews_new,2026-04-04T01:12:20.766057+00:00,20.0,11.0,9.0,20.0,20.0,0.0,1.0,1.0,0.0,44.0,0.0,1.0,0.0,24.0,24.0,0.0,10.8365793146516,50.338294130229166,43.502411638914104,1,1281,13,0,1,track_now,13,next_hour
worldnews,t3_1sb74sg,Trump threatens to destroy Iran bridges and power plants as reports emerge of downed U.S. F-35,https://www.reddit.com/r/worldnews/comments/1sb74sg/trump_threatens_to_destroy_iran_bridges_and_power/,https://www.cnbc.com/2026/04/03/trump-iran-threats-un-resolution-blocked-strait-of-hormuz-f35-shot-down.html,www.cnbc.com,SpencerAXbot,2026-04-03T07:44:55+00:00,20260403_080003_free_public_json_worldnews_new,2026-04-03T08:00:11.904473+00:00,20260403_120006_free_public_json_worldnews_new,2026-04-03T12:12:21.028072+00:00,10,4.202534333055556,new|rising,2,1,1,0,0,0,cooling|surging,1,new,new,22.0,surging,1,0,15.281741216666667,267.4338012,267.4338012,highest,subreddit_empirical,8.000969747583024,2.5032447312475252,104.75105764806548,19.173961006151714,1.9997838939090002,0.9987910325381589,1,1,0,765.9968451651724,129.3241426902239,14.0,1426.0,1426.0,12.0,350.0,350.0,1412.0,338.0,6.0,20260403_120006_free_public_json_worldnews_new,2026-04-03T12:12:21.028072+00:00,20.0,10.0,10.0,20.0,2927.0,0.0,146.35,766.0,0.0,7174.0,0.0,766.0,0.0,30.0,2927.0,0.0,21.41993521778183,65.53826900524922,42.8522244874257,8,1282,14,0,1,track_now,14,next_hour
worldnews,t3_1scgkb1,German men 18-45 need military permit to leave country for longer than 3 months,https://www.reddit.com/r/worldnews/comments/1scgkb1/german_men_1845_need_military_permit_to_leave/,https://www.dw.com/en/german-men-need-military-permit-for-extended-stays-abroad/a-76662677,www.dw.com,chanashan,2026-04-04T18:20:01+00:00,20260404_190003_free_public_json_worldnews_new,2026-04-04T19:00:14.239417+00:00,20260404_190010_free_public_json_worldnews_new,2026-04-04T19:13:11.360158+00:00,3,0.21586687249999997,new|rising,2,1,1,0,0,0,cooling|emerging|surging,4,new,new,8.0,surging,1,0,40.22065695,53.1726693,53.1726693,highest,subreddit_empirical,8.000969747583024,2.5032447312475252,104.75105764806548,19.173961006151714,1.9997838939090002,0.9987910325381589,1,1,0,1199.8135563853134,430.82108395302765,211.0,470.0,470.0,104.0,197.0,197.0,259.0,93.0,1.0,20260404_190020_free_public_json_worldnews_rising,2026-04-04T19:01:46.910799+00:00,30.0,9.0,21.0,30.0,30.0,0.0,1.0,1.0,0.0,30.0,0.0,1.0,0.0,30.0,30.0,0.0,12.160759521641458,52.15319480400452,42.82782322476852,1,1283,15,0,1,track_now,15,next_hour
